,Distance mahalanobis,Phrase,Index phrase,Roman
0,3.8478308,On n ’ entendait aucun bruit de pas dans les allées .,1625,0ducote.txt
1,4.6655617,"Pour revenir au son , qu ' on épaississe encore les boules qui ferment le conduit auditif , elles obligent au pianissimo la jeune fille qui jouait au - dessus de notre tête un air turbulent ;",12375,2guermantes1.txt
2,4.8147645,"J ' entendais le tic tac de la montre de Saint - Loup , laquelle ne devait pas être bien loin de moi .",12359,2guermantes1.txt
3,4.895736,"Je restai un instant devant sa porte fermée , car j ' entendais remuer ;",12347,2guermantes1.txt
4,4.945684,Enfin la berloque sonna comme j ’ arrivais à la maison .,38841,6retrouve1.txt
5,4.963286,"l ’ intérêt de la lecture , magique comme un profond sommeil , avait donné le change à mes oreilles hallucinées et effacé la cloche d ’ or sur la surface azurée du silence .",1002,0ducote.txt
6,5.011994,"Ceux qui étaient entrés ou rentrés dans ma mémoire , au cours de ce dîner , aimantaient à leur tour , appelaient à eux avec une telle force les pièces au milieu desquelles ils avaient l ' habitude d ' être enclavés , que mes mains électrisées ne purent pas résister plus de quarante - huit heures à la force qui les conduisait vers le volume où étaient reliés les _ Orientales _ et les _ Chants du Crépuscule _ .",18981,2guermantes3.txt
7,5.0713596,"Le pianissimo ne suffit plus , la boule fait instantanément fermer le clavier et la leçon de musique est brusquement finie ;",12377,2guermantes1.txt
8,5.1220894,"Les paroles qui s ' échangeaient entre les jeunes filles de la petite bande et moi étaient peu intéressantes , rares d ' ailleurs , coupées de ma part de longs silences .",11030,1ombre3.txt
9,5.16808,"Mon indignation fut plus grande quand , en arrivant à la maison où logeait Morel , je reconnus la voix du violoniste , lequel , par le besoin qu ' il avait d ' épandre de la gaîté , chantait de tout coeur : « Le samedi soir , après le turrbin ! »",26954,3sodome2.txt
10,5.1958923,Je croyais l ' entendre à cet endroit - là ;,12364,2guermantes1.txt
11,5.2275844,"il y en avait donc une que je n ’ avais pas entendue , quelque chose qui avait eu lieu n ’ avait pas eu lieu pour moi ;",1001,0ducote.txt
12,5.256041,Ce n ' était pas du reste que de la musique de lui que me jouait Albertine ;,33104,4laprison.txt
13,5.2794538,"Quand est - ce que je pourrai passer toute la sainte journée sous tes aubépines et nos pauvres lilas - - en écoutant les pinsons et la Vivonne qui fait comme le murmure de quelqu ' un qui chuchoterait , au lieu d ' entendre cette misérable sonnette de notre jeune maître qui ne reste jamais une demi - heure sans me faire courir le long de ce satané couloir .",11721,2guermantes1.txt
14,5.325981,"Puis j ' entendais le bruissement de la jupe d ' Albertine se dirigeant vers sa chambre , car par discrétion et sans doute aussi par ces égards où , autrefois , dans nos dîners à la Raspelière , elle s ' était ingéniée pour que je ne fusse pas jaloux , elle ne venait pas vers la mienne sachant que je n ' étais pas seul .",28592,4laprison.txt
15,5.3707213,"Soit que le croisement des rues , l ' interposition des maisons eussent causé par réfraction cette erreur d ' acoustique , soit qu ' il soit très difficile de situer un son dont la place ne nous est pas connue , je m ' étais trompé , tout autant sur la distance , que sur la direction .",12669,2guermantes1.txt
16,5.386901,"je ne l ' y entendais pas , je l ' y voyais , les sons n ' ont pas de lieu .",12365,2guermantes1.txt
17,5.41867,"Dans le calme absolu de ce quartier , j ' entendais devant moi des paroles et des rires qui devaient venir de promeneurs à demi avinés qui rentraient .",12665,2guermantes1.txt
18,5.420508,"Les efforts que faisait M . de Froberville pour qu ' on n ' entendît pas son rire l ' avaient fait devenir rouge comme un coq , et malgré cela c ' est en entrecoupant ses mots de hoquets de joie qu ' il s ' écria d ' un ton miséricordieux : « Oh ! pauvre tante Saint - Euverte , elle va en faire une maladie !",20890,3sodome1.txt
19,5.4280496,"Cela ne m ' empêchait pas de prendre à les écouter quand elles me parlaient autant de plaisir qu ' à les regarder , à découvrir dans la voix de chacune d ' elles un tableau vivement coloré .",11031,1ombre3.txt
20,5.4517164,"Certes il arrive quelquefois qu ' un malade auquel on a hermétiquement bouché les oreilles n ' entende plus le bruit d ' un feu pareil à celui qui rabâchait en ce moment dans la cheminée de Saint - Loup , tout en travaillant à faire des tisons et des cendres qu ' il laissait ensuite tomber dans sa corbeille , n ' entende pas non plus le passage des tramways dont la musique prenait son vol , à intervalles réguliers , sur la grand ' place de Doncières .",12367,2guermantes1.txt
21,5.481801,"il avait entendu un bruit singulier , j ' eus peine à le maîtriser et à ne pas être jeté à terre , puis je levai vers le point d ' où semblait venir ce bruit mes yeux pleins de larmes , et je vis à une cinquantaine de mètres au - dessus de moi , dans le soleil , entre deux grandes ailes d ' acier étincelant qui l ' emportaient , un être dont la figure peu distincte me parut ressembler à celle d ' un homme .",26448,3sodome2.txt
22,5.4890466,"Bien distincts dans ce quartier si tranquille ( où les bruits n ' étaient plus un motif de tristesse pour Françoise et en étaient devenus un de douceur pour moi ) m ' arrivaient , chacun avec sa modulation différente , des récitatifs déclamés par ces gens du peuple comme ils le seraient dans la musique , si populaire , de Boris , où une intonation initiale est à peine altérée par l ' inflexion d ' une note qui se penche sur une autre , musique de la foule qui est plutôt un langage qu ' une musique .",29416,4laprison.txt
23,5.493045,"C ' est ainsi qu ' il m ' arrivait à Paris , dans ma chambre , d ' entendre une dispute , presque une émeute , jusqu ' à ce que j ' eusse rapporté à sa cause , par exemple une voiture dont le roulement approchait , ce bruit dont j ' éliminais alors ces vociférations aiguës et discordantes que mon oreille avait réellement entendues , mais que mon intelligence savait que des roues ne produisaient pas .",10075,1ombre3.txt
24,5.514938,"Mais ce bonsoir durait si peu de temps , elle redescendait si vite , que le moment où je l ’ entendais monter , puis où passait dans le couloir à double porte le bruit léger de sa robe de jardin en mousseline bleue , à laquelle pendaient de petits cordons de paille tressée , était pour moi un moment douloureux .",117,0ducote.txt
25,5.5174184,"Je ne pense pas non plus que les légers et nombreux souvenirs qui se rapportaient à cette dame , et auxquels je ne cessais de demander de m ' aider ( par des exhortations comme celle - ci : « Voyons , c ' est cette dame qui est amie de Mme de Souvré , qui éprouve à l ' endroit de Victor Hugo une admiration si naïve , mêlée de tant d ' effroi et d ' horreur » ) , je ne crois pas que tous ces souvenirs , voletant entre moi et son nom , aient servi en quoi que ce soit à le renflouer .",20382,3sodome1.txt
26,5.525104,"Car après avoir presque « parlé » : « les escargots , ils sont frais , ils sont beaux » , c ' était avec la tristesse et le vague de Maeterlinck , musicalement transposés par Debussy , que le marchand d ' escargots , dans un de ces douloureux finales par où l ' auteur de _ Pelléas _ s ' apparente à Rameau : « Si je dois être vaincue , est - ce à toi d ' être mon vainqueur ? »",29419,4laprison.txt
27,5.5251184,"Mais parfois retentissait la sirène comme un appel déchirant de Walkyrie - - seule musique allemande qu ’ on eût entendue depuis la guerre - - jusqu ’ à l ’ heure où les pompiers annonçaient que l ’ alerte était finie tandis qu ’ à côté d ’ eux la berloque , comme un invisible gamin , commentait à intervalles réguliers la bonne nouvelle et jetait en l ’ air son cri de joie .",37900,6retrouve1.txt
28,5.544016,"Dans un bois l ' amateur d ' oiseaux distingue aussitôt ces gazouillis particuliers à chaque oiseau , que le vulgaire confond .",11034,1ombre3.txt
29,5.5455413,"Certaines des nourritures criées dans la rue , et que personnellement je détestais , étaient fort au goût d ' Albertine , si bien que Françoise en envoyait acheter par son jeune valet , peut - être un peu humilié d ' être confondu dans la foule plébéienne .",29415,4laprison.txt
30,5.551958,"La lourde rumeur d ' un bain qu ' on prépare s ' atténue , s ' allège et s ' éloigne comme un gazouillement céleste .",12369,2guermantes1.txt
31,5.574439,"Et même quand il ne bougeait pas , comme les gens vulgaires il faisait tout le temps entendre des bruits qui , du moment que je voyais monter la flamme , se montraient à moi des bruits de feu , mais que , si j ' eusse été de l ' autre côté du mur , j ' aurais cru venir de quelqu ' un qui se mouchait et marchait .",12354,2guermantes1.txt
32,5.622463,"Ces mots , j ' avais cessé de les entendre un instant pendant qu ' Albertine était auprès de moi tout à l ' heure .",27903,3sodome2.txt
33,5.63766,"Mais j ' étais obligé d ' attendre longtemps , car le silence environnant était si profond qu ' il avait laissé passer avec une netteté et une force extrêmes des bruits encore lointains .",12667,2guermantes1.txt
34,5.6576376,"Son sommeil n ' était qu ' une sorte d ' effacement du reste de la vie , qu ' un silence uni sur lequel prenaient de temps à autre leur vol des paroles familières de tendresse .",29390,4laprison.txt
35,5.668884,"Et comme notre nouveau quartier paraissait aussi calme que le boulevard sur lequel nous avions donné jusque - là était bruyant , la chanson ( distincte de loin , quand elle est faible , comme un motif d ' orchestre ) d ' un homme qui passait , faisait venir des larmes aux yeux de Françoise en exil .",11647,2guermantes1.txt
36,5.6784983,"il soufflait froid et continu d ' une autre direction venue du fond du passé , me rapportant la sonnerie d ' heures lointaines , des sifflements de départ que je n ' entendais pas d ' habitude .",35119,5disparue1.txt
37,5.6825175,"Ah ! ce ne fut pas la suppression de la souffrance que produisirent en moi les deux premières lignes du télégramme : « Mon pauvre ami , notre petite Albertine n ' est plus , pardonnez - moi de vous dire cette chose affreuse , vous qui l ' aimiez tant .",34325,5disparue1.txt
38,5.688667,"Ici c ' était bien encore à la déclamation à peine lyrique de Moussorgsky que faisait penser le marchand , mais pas à elle seulement .",29418,4laprison.txt
39,5.6898217,Et cette atténuation des sons trouble même quelquefois le sommeil au lieu de le protéger .,12380,2guermantes1.txt
40,5.695247,L ' amateur de jeunes filles sait que les voix humaines sont encore bien plus variées .,11035,1ombre3.txt
41,5.726849,"et aussi par les mouches qui exécutaient devant moi , dans leur petit concert , comme la musique de chambre de l ’ été : elle ne l ’ évoque pas à la façon d ’ un air de musique humaine , qui , entendu par hasard à la belle saison , vous la rappelle ensuite ;",958,0ducote.txt
42,5.7468295,"Les procédés de narration destinés à exciter la curiosité ou l ’ attendrissement , certaines façons de dire qui éveillent l ’ inquiétude et la mélancolie , et qu ’ un lecteur un peu instruit reconnaît pour communs à beaucoup de romans , me paraissaient simples - - à moi qui considérais un livre nouveau non comme une chose ayant beaucoup de semblables , mais comme une personne unique , n ’ ayant de raison d ’ exister qu ’ en soi , - - une émanation troublante de l ’ essence particulière à François le Champi .",484,0ducote.txt
43,5.7668343,"Mais , là , le sommeil avait fabriqué des sons .",25797,3sodome2.txt
44,5.77194,"Toutes en étaient , persuadées .",18307,2guermantes3.txt
45,5.773008,Je croyais l ' entendre .,12823,2guermantes1.txt
46,5.7886662,"mais cent fois par heure le courant interrompu était rétabli , et mon cœur était brûlé sans pitié par un feu d ' enfer , tandis que je voyais Albertine ressuscitée par ma jalousie , vraiment vivante , se raidir sous les caresses de la petite blanchisseuse à qui elle disait : « Tu me mets aux anges » .",34967,5disparue1.txt
47,5.789396,"« Et , mon vieux , ajoute l ’ amateur en vous prenant par le bras , moi c ’ est la huitième fois que je l ’ entends , et je vous jure bien que ce n ’ est pas la dernière . »",39417,6retrouve2.txt
48,5.8210616,"Certes la fantaisie , l ' esprit de chaque marchand ou marchande , introduisaient souvent des variantes dans les paroles de toutes ces musiques que j ' entendais de mon lit .",29425,4laprison.txt
49,5.848416,Il en différait autant que la déclamation - - à peine colorée par des variations insensibles - - de Boris Godounow et de Pelléas ;,29411,4laprison.txt
50,5.849782,"Une des jeunes filles que je ne connaissais pas se mit au piano , et Andrée demanda à Albertine de valser avec elle .",22591,3sodome1.txt
51,5.8571925,"aujourd ' hui , à la surface de silence étendue sur notre sommeil , un heurt plus fort que les autres arrive à se faire entendre , léger comme un soupir , sans lien avec aucun autre son , mystérieux ;",12382,2guermantes1.txt
52,5.866704,"Ces paroles de Swann auraient pu fausser , pour plus tard , ma compréhension de la Sonate , la musique étant trop peu exclusive pour écarter absolument ce qu ' on nous suggère d ' y trouver .",6433,1ombre1.txt
53,5.8686924,"Car l ' appel qu ' ils lançaient aux petites maisons voisines n ' avait , à de rares exceptions près , rien d ' une chanson .",29410,4laprison.txt
54,5.8747206,"Et même en tenant compte de cette originalité acquise qui m ' avait frappé dès l ' après - midi , de cette parenté que les musicographes pourraient trouver entre eux , c ' est bien un accent unique auquel s ' élèvent , auquel reviennent malgré eux ces grands chanteurs que sont les musiciens originaux , et qui est une preuve de l ' existence irréductiblement individuelle de l ' âme .",31276,4laprison.txt
55,5.882272,"Le recul du bruit , son amincissement , lui ôtent toute puissance agressive à notre égard ;",12370,2guermantes1.txt
56,5.8838167,"Comme je les répétai , renouvelant le choc à plaisir , ces mots de hangar , de couloir , de salon , quand Saint - Loup fut parti !",34234,5disparue1.txt
57,5.8838177,Le pépiement matinal des oiseaux semblait insipide à Françoise .,11639,2guermantes1.txt
58,5.912137,"Hier encore les bruits incessants , en nous décrivant d ' une façon continue les mouvements dans la rue et dans la maison , finissaient par nous endormir comme un livre ennuyeux ;",12381,2guermantes1.txt
59,5.912707,mais c ’ était comme des lettres de feu qui le brûlaient .,4142,0ducote.txt
60,5.9209137,"Ceux qui m ’ assaillaient tout à l ’ heure au sujet de la réalité de mes dons littéraires , et même de la réalité de la littérature , se trouvaient levés comme par enchantement .",39166,6retrouve2.txt
61,5.921102,"Jadis , quand le vent soufflait dans ma cheminée , j ' écoutais les coups qu ' il frappait contre la trappe avec autant d ' émotion que si , pareils aux fameux coups d ' archet par lesquels débute la Symphonie en ut mineur , ils avaient été les appels irrésistibles d ' un mystérieux destin .",16391,2guermantes2.txt
62,5.9248114,"Ce n ' est pas dans les froids pastiches des écrivains d ' aujourd ' hui qui disent : au fait ( pour en réalité ) , singulièrement ( pour en particulier ) , étonné ( pour frappé de stupeur ) , etc . , etc . , qu ' on retrouve le vieux langage et la vraie prononciation des mots , mais , en causant avec une Mme de Guermantes ou une Françoise ;",28281,4laprison.txt
63,5.924889,"Je m ' arrêtais pour les voir , je regardais du côté où j ' avais entendu le bruit .",12666,2guermantes1.txt
64,5.9330354,"Alors que le malade lise , et les pages se tourneront silencieusement comme si elles étaient feuilletées par un dieu .",12368,2guermantes1.txt
65,5.938008,"Et , peut - être , ces bruits avaient - ils été devancés eux - mêmes par quelque émanation plus rapide et plus pénétrante qui , glissée au travers de mon sommeil , y répandait une tristesse annonciatrice de la neige , ou y faisait entonner , à certain petit personnage intermittent , de si nombreux cantiques à la gloire du soleil que ceux - ci finissaient par amener pour moi , qui encore endormi commençais à sourire , et dont les paupières closes se préparaient à être éblouies , un étourdissant réveil en musique .",27954,4laprison.txt
66,5.9474487,"Mais peut - être cela même me rendait - il la vie plus poétique de penser que la race mystérieuse aux yeux perçants , au bec d ’ oiseau , la race rose , dorée , inapprochable , s ’ était trouvée si souvent , si naturellement , par l ’ effet de circonstances aveugles et différentes , s ’ offrir à ma contemplation , à mon commerce , même à mon intimité , au point que , quand j ’ avais voulu connaître Mlle de Stermaria ou faire faire des robes à Albertine , c ’ était , comme aux plus serviables de mes amis , à des Guermantes que je m ’ étais adressé .",40367,6retrouve2.txt
67,5.9567113,On ne l ' entendait même pas .,32152,4laprison.txt
68,5.9827743,"Mon hésitation entre les diverses jeunes filles de la petite bande lesquelles gardaient toutes un peu du charme collectif qui m ' avait d ' abord troublé , s ' ajouta - t - il aussi à ces causes pour me laisser plus tard , même au temps de mon plus grand - - de mon second - - amour pour Albertine , une sorte de liberté intermittente , et bien brève , de ne l ' aimer pas .",10197,1ombre3.txt
69,6.012256,"grâce à eux j ' avais de sa vérité une notion aussi certaine , de son charme enivrant et frivole une jouissance aussi complète que celles que j ' avais à Combray , au mois de juillet , quand j ' entendais les coups de marteau de l ' emballeur et que je jouissais , dans la fraîcheur de ma chambre noire , de la chaleur et du soleil .",16967,2guermantes3.txt
70,6.012607,"Que l ' expression suffise à faire croire à d ' énormes différences entre ce que sépare un infiniment petit - - qu ' un infiniment petit puisse à lui seul créer une expression absolument particulière , une individualité - - ce n ' était pas que l ' infiniment petit de la ligne , et l ' originalité de l ' expression , qui faisaient apparaître ces visages comme irréductibles les uns aux autres .",11549,1ombre3.txt
71,6.0214705,Alors j ' entendis le tic tac en un lieu fixe d ' où il ne bougea plus .,12363,2guermantes1.txt
72,6.038818,"et après cette étroite interruption où le silence s ' était fait musique , il reprenait avec mon sommeil avant même que les dragons eussent fini de passer , me dérobant les dernières gerbes épanouies du bouquet jaillissant et sonore .",12498,2guermantes1.txt
73,6.042372,"Car en me représentant le retour en somme si aisé d ' Albertine , brusquement toutes les raisons qui rendaient notre mariage une chose mauvaise pour moi revinrent avec toute leur force .",34062,5disparue1.txt
74,6.0445437,"Et elle ajouta encore , avec application , ceci de sa marquise à elle , Mme de Sévigné : « En les écoutant je pensais qu ' ils me préparaient les délices d ' un adieu . »",15858,2guermantes2.txt
75,6.0474534,"Puis , parvenu si haut , prolongé avec tant de force , le chant , mêlé d ' un murmure de supplication dans la volupté , semblait à certains moments s ' arrêter tout à fait comme une source s ' épuise .",16302,2guermantes2.txt
76,6.047753,Leur affection ne survit pas à l ' exaltation qui la dicte ;,18938,2guermantes3.txt
77,6.0730352,"Un nouveau bruit de pas retentissait , je ne me levais pas , ce devait être encore un valet de pied , c ' était M . Swann .",6352,1ombre1.txt
78,6.1031866,"les formes , - - et celle aussi du petit coquillage de pâtisserie , si grassement sensuel , sous son plissage sévère et dévot - - s ’ étaient abolies , ou , ensommeillées , avaient perdu la force d ’ expansion qui leur eût permis de rejoindre la conscience .",568,0ducote.txt
79,6.1041284,L ’ avez - vous entendue ? »,1138,0ducote.txt
80,6.106891,"Et quand , par hasard , j ' apercevais l ' un de ces oiseaux qui passait d ' une feuille sous une autre , il y avait si peu de lien apparent entre lui et ces chants que je ne croyais pas voir la cause de ceux - ci dans ce petit corps sautillant , étonné et sans regard .",8690,1ombre2.txt
81,6.1162252,"Je fus aussi surpris de voir l ' ironie que cachait l ' amabilité apparente des Verdurin pour Brichot que d ' entendre , quelques jours plus tard , à Féterne , les Cambremer me dire , devant l ' éloge enthousiaste que je faisais de la Raspelière : « Ce n ' est pas possible que vous soyez sincère , après ce qu ' ils en ont fait . »",25076,3sodome2.txt
82,6.120603,Chacune possède plus de notes que le plus riche instrument .,11036,1ombre3.txt
83,6.126174,"Là on percevait exactement le bruit des vagues , qui ne parvenait pas au contraire dans les parties plus enfoncées du jardin , là où le flot se laissait voir encore , mais non plus entendre .",25998,3sodome2.txt
84,6.1272125,"Et en ce moment où ma grand ' mère était si mal , la besogne de Françoise lui semblait particulièrement sienne .",15997,2guermantes2.txt
85,6.1287193,"Françoise ayant entendu mon coup de sonnette entra , assez inquiète de la façon dont je prendrais ses paroles et sa conduite .",33510,4laprison.txt
86,6.132472,"Mais ce trompe - l ’ œil qui mettait près de moi un moment du passé , incompatible avec le présent , ce trompe - l ’ œil ne durait pas .",39222,6retrouve2.txt
87,6.1345363,"Elles sont folles à lier , je l ' ai toujours dit .",16358,2guermantes2.txt
88,6.1435328,Dans ces yeux et dans cette voix je retrouvais beaucoup de la nature de Combray .,18162,2guermantes3.txt
89,6.1476665,On sentait trop la méchanceté qui les dictait et cela ne faisait que faire mépriser un peu plus celles qui en avaient pris l ' initiative .,11444,1ombre3.txt
90,6.1494746,Quelquefois même cette heure prématurée sonnait deux coups de plus que la dernière ;,1000,0ducote.txt
91,6.1527004,"« Comment , le même aigle ?",34132,5disparue1.txt
92,6.1555877,Mais avec Albertine il n ' y avait que cela .,16456,2guermantes2.txt
93,6.1626177,"Et , ajouta - t - elle - - car si elle se moquait encore de la littérature nouvelle , celle - ci , peut - être par la vulgarisation des journaux ou à travers certaines conversations , s ' était un peu infiltrée en elle - - c ' est même ce qu ' il y a de beau dans l ' amour , parce que c ' est justement ce qui le rend « mystérieux » .",14473,2guermantes2.txt
94,6.1677547,"Qu ' était , à côté de la souffrance que je ressentais , la jalousie que j ' avais pu éprouver le jour où Saint - Loup avait rencontré Albertine avec moi à Doncières et où elle lui avait fait des agaceries ? celle aussi que j ' avais éprouvée en repensant à l ' initiateur inconnu auquel j ' avais pu devoir les premiers baisers qu ' elle m ' avait donnés à Paris , le jour où j ' attendais la lettre de Mlle de Stermaria ?",27781,3sodome2.txt
95,6.1840596,Si vous n ' avez même pas lu Molière . . .,26161,3sodome2.txt
96,6.192003,Encore ne s ' agissait - il que de Françoise dont je ne me souciais guère .,12252,2guermantes1.txt
97,6.1937685,"et les cris des oiseaux qui tournaient autour de lui semblaient accroître son silence , élancer encore sa flèche et lui donner quelque chose d ’ ineffable .",774,0ducote.txt
98,6.211351,On n ' aurait pu parler de pensée à propos de Françoise .,7953,1ombre2.txt
99,6.217624,"Et si , sous ma fenêtre , le vol inlassable et doux des martinets et des hirondelles n ' avait pas monté comme un jet d ' eau , comme un feu d ' artifice de vie , unissant l ' intervalle de ses hautes fusées par la filée immobile et blanche de longs sillages horizontaux , sans le miracle charmant de ce phénomène naturel et local qui rattachait à la réalité les paysages que j ' avais devant les yeux , j ' aurais pu croire qu ' ils n ' étaient qu ' un choix , chaque jour renouvelé , de peintures qu ' on montrait arbitrairement dans l ' endroit où je me trouvais et sans qu ' elles eussent de rapport nécessaire avec lui .",9720,1ombre3.txt
100,6.2232695,"Et comme j ' avais ajouté à demi ironiquement : « J ' ai souffert toutes les tortures de la jalousie , » Albertine , usant du langage propre , soit au milieu vulgaire d ' où elle était sortie , soit au plus vulgaire encore qu ' elle fréquentait : « Quel chineur vous faites !",32390,4laprison.txt
101,6.2309456,"Mais elle , rebelle , extérieure à leur diction , restait irréductiblement leur voix naturelle , avec ses défauts ou ses charmes matériels , sa vulgarité ou son affectation quotidiennes , et étalait ainsi un ensemble de phénomènes acoustiques ou sociaux que n ' avait pas altéré le sentiment des vers récités .",12049,2guermantes1.txt
102,6.236675,"Pourtant comme celui - ci était causé par l ' entrée de Françoise , entrée qu ' avait elle - même motivée mon coup de sonnette , ce nouveau sommeil qui me paraissait avoir dû être plus long que l ' autre et avait amené en moi tant de bien - être et d ' oubli , n ' avait duré qu ' une demi - minute .",9913,1ombre3.txt
103,6.240134,"La joie que lui avaient causée telles sonorités , les forces accrues qu ' elle lui avait données pour en découvrir d ' autres , menaient encore l ' auditeur de trouvaille en trouvaille , ou plutôt c ' était le créateur qui le conduisait lui - même , puisant dans les couleurs qu ' il venait de trouver une joie éperdue qui lui donnait la puissance de découvrir , de se jeter sur celles qu ' elles semblaient appeler , ravi , tressaillant , comme au choc d ' une étincelle , quand le sublime naissait de lui - même de la rencontre des cuivres , haletant , grisé , affolé , vertigineux , tandis qu ' il peignait sa grande fresque musicale , comme Michel - Ange attaché à son échelle et lançant , la tête en bas , de tumultueux coups de brosse au plafond de la chapelle Sixtine .",31260,4laprison.txt
104,6.243148,"Ma tendresse pour Albertine se trouvait , par accident , les rendre tout à fait insupportables .",27526,3sodome2.txt
105,6.2433386,Or à ce moment je fus précisément favorisé d ' une telle apparition magique .,31202,4laprison.txt
106,6.252079,"Car , elle , on l ' appelait .",27182,3sodome2.txt
107,6.2538586,"J ' aime bien Eliane : aussi je ne lui en voulus pas , je me contentai de ne pas tenir compte des mots étranges et déplacés de quatuor tchèque et comme je suis un homme d ' ordre je mis au - dessus de ma cheminée l ' invitation de penser à Madame de Montmorency le Vendredi à 9 h . 1 / 2 .",31395,4laprison.txt
108,6.2543993,"Sans doute y avait - il quelque article d ' un écrivain que j ' aimais et qui , écrivant rarement , serait pour moi une surprise .",35408,5disparue2.txt
109,6.256429,"Car souvent quand je restais endormi au moment où j ' avais pensé au contraire que le bruit m ' aurait réveillé , pendant une heure encore je croyais l ' être , tout en sommeillant , et je me jouais à moi - même en minces ombres sur l ' écran de mon sommeil les divers spectacles auxquels il m ' empêchait , mais auxquels j ' avais l ' illusion d ' assister .",12501,2guermantes1.txt
110,6.2579455,il entendait seulement dans le silence de la nuit le murmure d ’ une conversation .,3219,0ducote.txt
111,6.2581873,"Et au moment où mon oreille recueillait ce bruit divin , il me semblait que c ' était , condensée en lui , toute la personne , toute la vie de la charmante captive , étendue là sous mes yeux .",28781,4laprison.txt
112,6.260085,L ' enthousiasme musical la saisit .,22989,3sodome1.txt
113,6.263535,"Ce n ' était pas seulement une matinée mondaine , une promenade avec Mme de Villeparisis que j ' eusse sacrifiées au « furet » ou aux « devinettes » de mes amies .",11016,1ombre3.txt
114,6.271645,il entendit un murmure céleste .,36284,5disparue2.txt
115,6.273282,C ' est avec délices que j ' écoutais leur pépiement .,11032,1ombre3.txt
116,6.2796726,Peut - être certains chefs - d ' oeuvre ont - ils été composés en bâillant . »,9762,1ombre3.txt
117,6.285892,mais je lui donnais probablement deux significations qui m ' épouvantaient également .,33348,4laprison.txt
118,6.287654,"Ils étaient perpétuellement parcourus , comme par un chemineau invisible , par le vent qui était pour moi le génie particulier de Combray .",1703,0ducote.txt
119,6.2965345,Le bruit des portes me faisait presque aussi mal parce que ce n ' était pas elle qui les ouvrait .,33943,5disparue1.txt
120,6.2970843,Il faut que mes oreilles m ' aient trompé .,7418,1ombre2.txt
121,6.3005853,Mme de Franquetot tenta une démarche en faveur de sa cousine qui aimait tant la musique .,20668,3sodome1.txt
122,6.301701,"il y a des gens que ça impressionne encore » , ce qui avait permis au moins à Mme Verdurin de répliquer : « Grand bien leur fasse ! »",3043,0ducote.txt
123,6.303517,On a dit que le silence était une force ;,13009,2guermantes1.txt
124,6.3035345,"Puis la vue revint complètement , des yeux le mal nomade passa aux oreilles .",16173,2guermantes2.txt
125,6.309819,"enfin jusqu ’ à leur nom féminin , désœuvré et doux , me faisaient battre le cœur mais d ’ un désir mondain , comme ces valses qui ne nous évoquent plus que le nom des belles invitées que l ’ huissier annonce à l ’ entrée d ’ un bal .",5032,0ducote.txt
126,6.310321,Il était pour moi comme ces jardins zoologiques où l ’ on voit rassemblés des flores diverses et des paysages opposés ;,5026,0ducote.txt
127,6.3125324,Mais ces mots : « Mademoiselle Albertine est partie » venaient de traduire dans mon cœur une souffrance telle que je ne pourrais pas y résister plus longtemps .,33521,5disparue1.txt
128,6.3125935,"Si faiblement traduit , son chagrin n ' en était pas moins très grand , aggravé d ' ailleurs par l ' ennui que sa fille , retenue à Combray ( que la jeune Parisienne appelait maintenant la « cambrousse » et où elle se sentait devenir « pétrousse » ) , ne pût vraisemblablement revenir pour la cérémonie mortuaire que Françoise sentait devoir être quelque chose de superbe .",16306,2guermantes2.txt
129,6.312991,"Mais même en dehors des rares minutes comme celles - là , où brusquement nous sentons l ' entité originale tressaillir et reprendre sa forme et sa ciselure au sein des syllabes mortes aujourd ' hui , si dans le tourbillon vertigineux de la vie courante , où ils n ' ont plus qu ' un usage entièrement pratique , les noms ont perdu toute couleur comme une toupie prismatique qui tourne trop vite et qui semble grise , en revanche quand , dans la rêverie , nous réfléchissons , nous cherchons , pour revenir sur le passé , à ralentir , à suspendre le mouvement perpétuel où nous sommes entraînés , peu à peu nous revoyons apparaître , juxtaposées , mais entièrement distinctes les unes des autres , les teintes qu ' au cours de notre existence nous présenta successivement un même nom .",11674,2guermantes1.txt
130,6.3168488,"Au reste , ma jalousie causée par les femmes qu ' aimait peut - être Albertine allait brusquement cesser .",23533,3sodome1.txt
131,6.3171134,"Et aux lacunes que cette distraction laissait dans le récit , s ’ ajoutait , quand c ’ était maman qui me lisait à haute voix , qu ’ elle passait toutes les scènes d ’ amour .",488,0ducote.txt
132,6.3211093,Ces derniers mots m ' accablèrent .,35992,5disparue2.txt
133,6.32616,"L ' étonnement et l ' espèce de honte que je ressentais de ne pas m ' être une seule fois dit qu ' Albertine était chez moi dans une position fausse , qui pouvait ennuyer sa tante , cet étonnement , ce n ' était pas la première fois , ce ne fut pas la dernière fois , que je l ' éprouvai .",36039,5disparue2.txt
134,6.3270183,Car je croyais qu ' on ne possédait de lui que sa sonate pour piano et violon .,31196,4laprison.txt
135,6.3451457,L ' invisibilité des innombrables oiseaux qui s ' y répondaient tout à côté de nous dans les arbres donnait la même impression de repos qu ' on a les yeux fermés .,8688,1ombre2.txt
136,6.345464,"Exposés sur ce silence qui n ’ en absorbait rien , les bruits les plus éloignés , ceux qui devaient venir de jardins situés à l ’ autre bout de la ville , se percevaient détaillés avec un tel « fini » qu ’ ils semblaient ne devoir cet effet de lointain qu ’ à leur pianissimo , comme ces motifs en sourdine si bien exécutés par l ’ orchestre du Conservatoire que quoiqu ’ on n ’ en perde pas une note on croit les entendre cependant loin de la salle du concert et que tous les vieux abonnés , - - les sœurs de ma grand ’ mère aussi quand Swann leur avait donné ses places , - - tendaient l ’ oreille comme s ’ ils avaient écouté les progrès lointains d ’ une armée en marche qui n ’ aurait pas encore tourné la rue de Trévise .",354,0ducote.txt
137,6.346589,"Avec tristesse et pourtant non sans plaisir tout de même , car la reprise en mineur sur un ton désolé du même motif qui avait empli ma journée d ' autrefois , l ' absence même de ce téléphonage de Françoise , de cette arrivée d ' Albertine qui n ' était pas quelque chose de négatif , mais la suppression dans la réalité de ce que je me rappelais et qui donnait à la journée quelque chose de douloureux , en faisait quelque chose de plus beau qu ' une journée unie et simple parce que ce qui n ' y était plus , ce qui en avait été arraché , y restait imprimé comme en creux .",35313,5disparue2.txt
138,6.3497195,"Le pianiste ayant terminé le morceau de Liszt et ayant commencé un prélude de Chopin , Mme de Cambremer lança à Mme de Franquetot un sourire attendri de satisfaction compétente et d ’ allusion au passé .",3897,0ducote.txt
139,6.3527102,"Car elles aussi en contiennent de différentes , et au moment où on croyait que c ’ était calmé , une nouvelle , une nouvelle , dans tous les sens du mot ;",39598,6retrouve2.txt
140,6.3527226,"Mais nous ne saisissons que les idées secondes sans percevoir la cause première ( race juive , famille française , etc .",10839,1ombre3.txt
141,6.356248,"Moi - même , j ' ai failli le nommer , je n ' ai eu que le temps de me rattraper , c ' est épouvantable , heureusement que je me suis arrêtée à temps .",35738,5disparue2.txt
142,6.35965,Les autres jours il céda un instant ;,12496,2guermantes1.txt
143,6.362104,"Mais je fus distrait de suivre les ébats de l ' insecte , car au bout de quelques minutes , sollicitant davantage mon attention , Jupien ( peut - être afin de prendre un paquet qu ' il emporta plus tard et que , dans l ' émotion que lui avait causée l ' apparition de M . de Charlus , il avait oublié , peut - être tout simplement pour une raison plus naturelle ) , Jupien revint , suivi par le baron .",19852,3sodome1.txt
144,6.362312,Le sommeil continuait de couler avec le même murmure .,33166,4laprison.txt
145,6.366017,"Brusquement il cessa de venir , sans avoir prévenu .",2187,0ducote.txt
146,6.3670855,"Et j ’ avais continué à relire l ’ invitation jusqu ’ au moment où , révoltées , les lettres qui composaient ce nom si familier et si mystérieux , comme celui même de Combray , eussent repris leur indépendance et eussent dessiné devant mes yeux fatigués comme un nom que je ne connaissais pas .",39040,6retrouve1.txt
147,6.3813577,"Puis la concurrence des autres formes de la vie rejeta dans l ' ombre cette nouvelle douleur , et pendant ces jours - là qui furent les premiers du printemps , j ' eus même , en attendant que Saint - Loup pût voir Mme Bontemps , à imaginer Venise et de belles femmes inconnues , quelques moments de calme agréable .",33929,5disparue1.txt
148,6.3815975,"- - Je crois bien , je l ' ai lu avec infiniment d ' intérêt » , répondit hypocritement Brichot .",24620,3sodome2.txt
149,6.3865256,"Elle a tout lu , elle est musicienne comme le violon . »",19546,2guermantes3.txt
150,6.392281,"Elle poussa même la délicatesse d ' esprit jusqu ' à chanter sans en avoir envie : « Il a passé par ici le furet du Bois , Mesdames , il a passé par ici le furet du Bois joli » , comme les personnes qui ne peuvent aller à Trianon sans y donner une fête Louis XVI ou qui trouvent piquant de faire chanter un air dans le cadre pour lequel il fut écrit .",11203,1ombre3.txt
151,6.393191,"Mais le silence qui leur succéda et qui durait déjà depuis très longtemps finit - - moins rapidement il est vrai - - par m ' éveiller de ma rêverie , comme celui qui succède à la musique de Lindor tire Bartholo de son sommeil .",17355,2guermantes3.txt
152,6.406197,"Mon désir avait cherché avec tant d ' avidité la signification des yeux qui maintenant me connaissaient et me souriaient , mais qui , le premier jour , avaient croisé mes regards comme des rayons d ' un autre univers , il avait distribué si largement et si minutieusement la couleur et le parfum sur les surfaces carnées de ces jeunes filles qui , étendues sur la falaise me tendaient simplement des sandwichs ou jouaient aux devinettes , que souvent dans l ' après - midi , pendant que j ' étais allongé comme ces peintres qui cherchant la grandeur de l ' antique dans la vie moderne , donnent à une femme qui se coupe un ongle de pied la noblesse du « Tireur d ' épine » ou qui comme Rubens , font des déesses avec des femmes de leur connaissance pour composer une scène mythologique , ces beaux corps bruns et blonds , de types si opposés , répandus autour de moi dans l ' herbe , je les regardais sans les vider peut - être de tout le médiocre contenu dont l ' existence journalière les avait remplis , et pourtant sans me rappeler expressément leur céleste origine , comme si pareil à Hercule ou à Télémaque , j ' avais été en train de jouer au milieu des nymphes .",11590,1ombre3.txt
153,6.4102554,"Bientôt , je l ’ entendis qui montait fermer sa fenêtre .",394,0ducote.txt
154,6.4152594,"En revanche , je m ' arrêtai avec extase à renifler l ' odeur d ' un vent coulis qui passait par la porte .",24979,3sodome2.txt
155,6.420804,Je crois l ' entendre .,17744,2guermantes3.txt
156,6.4219637,Mais peu à peu leurs façons reprirent insensiblement .,23482,3sodome1.txt
157,6.428395,Le soir tombait : il fallut revenir ;,10315,1ombre3.txt
158,6.429777,"Je fus très frappé de ce mot appliqué à M . de Charlus et je me dis que cette demi - folie expliquait peut - être certaines choses , par exemple qu ' il eût paru si enchanté du projet de demander à Bloch de battre sa propre mère .",16829,2guermantes2.txt
159,6.434659,"et c ' était une de ces phrases qui , sans qu ' on puisse comprendre quelle affinité leur assigne comme demeure unique et nécessaire le passé d ' un certain musicien , ne se trouvent que dans son œuvre , et apparaissent constamment dans celle - ci , dont elles sont les fées , les dryades , les divinités familières ;",31321,4laprison.txt
160,6.4411526,"Plongés dans cet élément nouveau , les habitués de Jupien croyaient avoir voyagé , être venus assister à un phénomène naturel , comme un mascaret ou comme une éclipse , et goûtant au lieu d ’ un plaisir tout préparé et sédentaire celui d ’ une rencontre fortuite dans l ’ inconnu , célébraient , aux grondements volcaniques des bombes , comme dans un mauvais lieu pompéien , des rites secrets dans les ténèbres des catacombes .",38797,6retrouve1.txt
161,6.445812,"Puisse - t - on ne pas dire d ' elle : Et Rose elle n ' a vécu que ce que vivent les roses , comme l ' a dit Victor Hugo , le sonnet d ' Arvers , Alfred de Musset , tous ces grands génies qu ' on a fait à cause de cela mourir sur les flammes du bûcher comme Jeanne d ' Arc .",19278,2guermantes3.txt
162,6.4503875,Mais maintenant un nouveau trouble était en moi qui altérait à son tour la puissance véritable des choses et des mots .,21787,3sodome1.txt
163,6.453339,"« On entend mieux pour une pièce qui en vaut la peine » , expliquait - elle , au scandale des Courvoisier et à l ' émerveillement des Guermantes et de la princesse de Parme , qui découvraient subitement que le « genre » d ' entendre le commencement d ' une pièce était plus nouveau , marquait plus d ' originalité et d ' intelligence ( ce qui n ' était pas pour étonner de la part d ' Oriane ) que d ' arriver pour le dernier acte après un grand dîner et une apparition dans une soirée .",17929,2guermantes3.txt
164,6.454473,"En tous cas Françoise attachait de plus en plus aux moindres paroles , aux moindres gestes de ma tante une attention extraordinaire .",1419,0ducote.txt
165,6.456342,Mais certainement à de certains moments un étranger eût cru entendre crier un dément .,16840,2guermantes2.txt
166,6.4575973,"Parfois même à cette musique , la voix humaine s ' ajoutait .",29371,4laprison.txt
167,6.459254,"Petite déception dans la douceur qu ' on respire , et qui doit être attribuée soit à ce qu ' on a lu trop vite , soit à l ' écriture illisible de la correspondante ;",23300,3sodome1.txt
168,6.4639335,"Aucun son , aucun mouvement ne trahirent que M . de Charlus eût entendu ma question .",9187,1ombre2.txt
169,6.466529,"Saniette , que l ' interpellation de Brichot avait effrayé , commençait à respirer , comme quelqu ' un qui a peur de l ' orage et qui voit que l ' éclair n ' a été suivi d ' aucun bruit de tonnerre , quand il entendit M . Verdurin le questionner , tout en attachant sur lui un regard qui ne lâchait pas le malheureux tant qu ' il parlait , de façon à le décontenancer tout de suite et à ne pas lui permettre de reprendre ses esprits .",24772,3sodome2.txt
170,6.470816,"Tenez , regardez , ajouta - t - il en me montrant Albertine et Andrée qui valsaient lentement , serrées l ' une contre l ' autre , j ' ai oublié mon lorgnon et je ne vois pas bien , mais elles sont certainement au comble de la jouissance .",22597,3sodome1.txt
171,6.480843,"Chaque fois que Mme de Guermantes venait d ' inventer , relativement aux mérites et aux défauts , brusquement intervertis par elle , d ' un de leurs amis , un nouveau et friand paradoxe , elle brûlait d ' en faire l ' essai devant des personnes capables de le goûter , d ' en faire savourer l ' originalité psychologique et briller la malveillance lapidaire .",17871,2guermantes3.txt
172,6.483543,"Nos relations étaient - elles fondées sur un malentendu qui ne pouvait manquer de se manifester dès que mes hommages , au lieu de s ' adresser à la femme relativement supérieure qu ' elle se croyait être , iraient vers quelque autre femme aussi médiocre et exhalant le même charme involontaire ?",18300,2guermantes3.txt
173,6.484022,"La vraisemblance seule inspirait Albertine , nullement le désir de me donner de la jalousie .",30460,4laprison.txt
174,6.4878263,"Ainsi dans le cas particulier de mes promenades , peut - être les domestiques de Mme de Guermantes avaient - ils entendu leur maîtresse exprimer sa lassitude de me trouver inévitablement sur son chemin et avaient - ils répété ces propos à Françoise .",12215,2guermantes1.txt
175,6.488037,De même le goût de la petite madeleine m ’ avait rappelé Combray .,39174,6retrouve2.txt
176,6.492995,"Et , pendant de longues périodes , ces excitations se trouvaient m ' arriver si rarement que j ' en venais à rechercher moi - même les occasions d ' un chagrin , d ' une crise de jalousie , pour tâcher de me rattacher au passé , de mieux me souvenir d ' elle .",35081,5disparue1.txt
177,6.49392,"aussi ma jalousie se confinait - elle à une expression discontinue , à la fois fugitive et fixée , et aux êtres qui l ' avaient amenée sur la figure d ' Albertine .",29869,4laprison.txt
178,6.497908,Je respirai en comprenant que ce n ' était que lui qui avait du chagrin et que les nouvelles étaient celles de sa maîtresse .,12997,2guermantes1.txt
179,6.4982815,"Il me fut particulièrement pénible d ' entendre Andrée me dire en parlant d ' Albertine : « Ah ! oui , elle aimait bien qu ' on alla se promener dans la vallée de Chevreuse . »",35192,5disparue1.txt
180,6.4996543,"Le trait d ' esprit était ce qu ' on appelait un « à peu près » , mais qui avait changé de forme , car il y a une évolution pour les calembours comme pour les genres littéraires , les épidémies qui disparaissent remplacées par d ' autres , etc . . .",24837,3sodome2.txt
181,6.499909,"affolés tout à l ' heure par des coups de marteau qui semblaient ébranler le plafond sur notre tête , nous nous plaisons maintenant à les recueillir , légers , caressants , lointains comme un murmure de feuillages jouant sur la route avec le zéphir .",12371,2guermantes1.txt
182,6.5080733,"Mais cela a dû être bien plus intéressant de l ' entendre raconter ainsi devant ma cousine , ajoutait - elle comme elle aurait dit de l ' entendre accompagner par l ' auteur .",17807,2guermantes3.txt
183,6.508598,"La pendule - - alors qu ' à la maison je n ' entendais la mienne que quelques secondes par semaine , seulement quand je sortais d ' une profonde méditation - - continua sans s ' interrompre un instant à tenir dans une langue inconnue des propos qui devaient être désobligeants pour moi , car les grands rideaux violets l ' écoutaient sans répondre , mais dans une attitude analogue à celle des gens qui haussent les épaules pour montrer que la vue d ' un tiers les irrite .",8121,1ombre2.txt
184,6.511987,"Et puis il avait une espèce de flair , d ’ après la voix peut - être , je ne sais pas .",39134,6retrouve1.txt
185,6.516535,"Dans un dîner , quand la pensée reste toujours à la surface , j ’ aurais pu sans doute parler de _ François le Champi _ et des Guermantes sans que ni l ’ un ni l ’ autre fussent ceux de Combray .",39320,6retrouve2.txt
186,6.517189,"Je fus pris de la crainte d ' avoir parlé sans sympathie devant Robert de cette jeune fille faussement originale , et dont l ' esprit était aussi médiocre que le caractère était violent .",24670,3sodome2.txt
187,6.5213614,"( si elle mettait plusieurs b à Boches , c ’ est que l ’ accusation que les Allemands fussent des assassins lui semblait après tout plausible , mais celle qu ’ ils fussent des Boches , presque invraisemblable à cause de son énormité ) .",38900,6retrouve1.txt
188,6.5220294,"Plein d ' une agitation comme je n ' en avais peut - être pas eue depuis le soir de Combray où Swann avait dîné à la maison , je marchai longtemps dans le couloir , espérant , par le bruit que je faisais , attirer l ' attention d ' Albertine , qu ' elle aurait pitié de moi et m ' appellerait , mais je n ' entendais aucun bruit venir de sa chambre .",33355,4laprison.txt
189,6.522942,"Seulement je n ' avais encore , jusqu ' à ce jour , rien entendu de cette sonate , et là où Swann et sa femme voyaient une phrase distincte , celle - ci était aussi loin de ma perception claire qu ' un nom qu ' on cherche à se rappeler et à la place duquel on ne trouve que du néant , un néant d ' où une heure plus tard , sans qu ' on y pense , s ' élanceront d ' elles - mêmes , en un seul bond , les syllabes d ' abord vainement sollicitées .",6392,1ombre1.txt
190,6.5308423,"La surprise d ’ un barbare ( nous appelions ainsi tous les gens qui ne savaient pas ce qu ’ avait de particulier le samedi ) qui , étant venu à onze heures pour parler à mon père , nous avait trouvés à table , était une des choses qui , dans sa vie , avaient le plus égayé Françoise .",1346,0ducote.txt
191,6.534428,"Je faisais remarquer à la princesse chaque arbre , chaque petite maison croulant sous ses roses , je lui faisais tout admirer , j ' aurais voulu la serrer elle - même contre mon coeur .",24238,3sodome2.txt
192,6.5358768,"C ' était cette comparaison , tacitement et inlassablement répétée dans une même toile , qui y introduisait cette multiforme et puissante unité , cause , parfois non clairement aperçue par eux , de l ' enthousiasme qu ' excitait chez certains amateurs la peinture d ' Elstir .",10078,1ombre3.txt
193,6.5385604,"Car les bruits qui ne pouvaient se rapporter qu ' à des travaux dans la cour , tout en les entendant vaguement en dormant , je restais tranquille , tandis que le plus léger frémissement qui venait de sa chambre , quand elle sortait , ou rentrait sans bruit , en appuyant si doucement sur le timbre , me faisait tressauter , me parcourait tout entier , me laissait le cœur battant , bien que je l ' eusse entendu dans un assoupissement profond , de même que ma grand ' mère dans les derniers jours qui précédèrent sa mort et où elle était plongée dans une immobilité que rien ne troublait et que les médecins appelaient le coma , se mettait , m ' a - t - on dit , à trembler un instant comme une feuille quand elle entendait les trois coups de sonnette par lesquels j ' avais l ' habitude d ' appeler Françoise , et que , même en les faisant plus légers , cette semaine - là , pour ne pas troubler le silence de la chambre mortuaire , personne , assurait Françoise , ne pouvait confondre , à cause d ' une manière que j ' avais et ignorais moi - même d ' appuyer sur le timbre , avec les coups de sonnette de quelqu ' un d ' autre .",33373,4laprison.txt
194,6.5410833,"Tandis qu ' avec Mme de Villeparisis ou Saint - Loup , j ' eusse démontré par mes paroles beaucoup plus de plaisir que je n ' en eusse ressenti , car je les quittais avec fatigue , au contraire couché entre ces jeunes filles , la plénitude de ce que j ' éprouvais l ' emportait infiniment sur la pauvreté , la rareté de nos propos et débordait de mon immobilité et de mon silence , en flots de bonheur dont le clapotis venait mourir au pied de ces jeunes roses .",11072,1ombre3.txt
195,6.5423584,"( Elle dit cela comme si elle m ' avait reconnu tout de suite dans le salon , mais la vérité est qu ' elle m ' avait reconnu dans la rue et m ' avait dit bonjour , et plus tard Mme de Guermantes me dit qu ' elle lui avait raconté comme une chose très drôle et extraordinaire que je l ' avais suivie et frôlée , la prenant pour une cocotte ) .",35498,5disparue2.txt
196,6.5531664,"bien mieux , une rencontre prolongée , comme si , par un brusque progrès dans nos relations , elle s ' était arrêtée auprès de moi , en chapeau de jardin , et m ' avait laissé pour la première fois regarder à loisir ce gras de joue , ce tournant de nuque , ce coin de sourcils ( jusqu ' ici voilés pour moi par la rapidité de son passage , l ' étourdissement de mes impressions , l ' inconsistance du souvenir ) ;",12446,2guermantes1.txt
197,6.553776,A ce moment toute sa gaîté disparut ;,26964,3sodome2.txt
198,6.56095,Je lui disais que j ' avais eu peur qu ' elle ne m ' entendît pas ou crût que c ' était un voisin qui avait frappé ;,8146,1ombre2.txt
199,6.5625587,"Ce qui nous désolait néanmoins n ' était qu ' à demi maladroit , car la reconnaissance pour tant de douceur allait peut - être nous obliger à plus que le ravissement devant la cruauté fléchie .",28728,4laprison.txt
200,6.5634804,"Il faisait à peine assez clair pour lire , et la sensation de la splendeur de la lumière ne m ’ était donnée que par les coups frappés dans la rue de la Cure par Camus ( averti par Françoise que ma tante ne « reposait pas » et qu ’ on pouvait faire du bruit ) contre des caisses poussiéreuses , mais qui , retentissant dans l ’ atmosphère sonore , spéciale aux temps chauds , semblaient faire voler au loin des astres écarlates ;",957,0ducote.txt
201,6.5665336,"Aussi ce livre que ma mère m ’ avait lu haut à Combray , presque jusqu ’ au matin , avait - il gardé pour moi tout le charme de cette nuit - là .",39325,6retrouve2.txt
202,6.5677195,"Prônées par les juges en qui on avait toute confiance , bénéficiant de l ' admiration qu ' excitait _ Pelléas _ , elles avaient retrouvé un éclat nouveau , et ceux mêmes qui ne les avaient pas réentendues étaient si désireux de les aimer qu ' ils le faisaient malgré eux , quoique avec l ' illusion de la liberté .",22969,3sodome1.txt
203,6.568873,"En général , et sauf cet incident unique , tout se passait normalement quand je remontais de chez la duchesse .",28577,4laprison.txt
204,6.574968,"De sorte que la phrase murmurée jadis devant ses admirateurs par une ruse de sa modestie , le fut , à la fin , dans le secret de son coeur , par les inquiétudes de son orgueil .",6736,1ombre1.txt
205,6.57576,"Sans doute ceux - ci étaient chauvins , ce qui eût dû les faire se plaire aux articles de Brichot , lesquels d ’ autre part n ’ étaient pas inférieurs à bien des écrits où se délectait Mme Verdurin .",38029,6retrouve1.txt
206,6.5803275,"dite avec frayeur , elle est écoutée sans attention .",28660,4laprison.txt
207,6.585282,Il ne faudrait pourtant pas se représenter la ligne de démarcation entre les deux ressemblances comme absolument nette .,6843,1ombre1.txt
208,6.585633,"Mes réflexions avaient suivi une pente que je décrirai plus tard et j ' avais déjà tiré de la ruse apparente des fleurs une conséquence sur toute une partie inconsciente de l ' oeuvre littéraire , quand je vis M . de Charlus qui ressortait de chez la marquise .",19816,3sodome1.txt
209,6.5860934,Swann ne pouvait s ’ empêcher de dire à ces filles les mêmes choses qui auraient plu à la princesse des Laumes .,4532,0ducote.txt
210,6.5866427,"Pendant que , avant même qu ' elle eût quitté le vestibule , je causais avec Mme de Guermantes , j ' entendis une voix d ' une sorte qu ' à l ' avenir je devais , sans erreur possible , discerner .",20565,3sodome1.txt
211,6.592153,"ils me rappelaient le temps heureux de ma croyante jeunesse , quand je venais avidement aux lieux où des chefs - d ’ œuvre d ’ élégance féminine se réaliseraient pour quelques instants entre les feuillages inconscients et complices .",5105,0ducote.txt
212,6.592936,"Mais qu ' une sensation d ' une année d ' autrefois - - comme ces instruments de musique enregistreurs qui gardent le son et le style des différents artistes qui en jouèrent - - permette à notre mémoire de nous faire entendre ce nom avec le timbre particulier qu ' il avait alors pour notre oreille , et ce nom en apparence non changé , nous sentons la distance qui sépare l ' un de l ' autre les rêves que signifièrent successivement pour nous ses syllabes identiques .",11670,2guermantes1.txt
213,6.5966153,"Mon père fit une autre rencontre mais qui , celle - là , lui causa un étonnement , puis une indignation extrêmes .",13417,2guermantes1.txt
214,6.59705,"Françoise venait allumer le feu et pour le faire prendre y jetait quelques brindilles , dont l ' odeur , oubliée pendant tout l ' été , décrivait autour de la cheminée un cercle magique dans lequel , m ' apercevant moi - même en train de lire tantôt à Combray , tantôt à Doncières , j ' étais aussi joyeux , restant dans ma chambre à Paris , que si j ' avais été sur le point de partir en promenade du côté de Méséglise , ou de retrouver Saint - Loup et ses amis faisant du service en campagne .",28199,4laprison.txt
215,6.597404,"la duchesse m ' avait bien vu une fois avec son mari , mais ne devait certainement pas s ' en souvenir , et je ne souffrais pas qu ' elle se trouvât , par la place qu ' elle occupait dans la baignoire , regarder les madrépores anonymes et collectifs du public de l ' orchestre , car je sentais heureusement mon être dissous au milieu d ' eux , quand , au moment où en vertu des lois de la réfraction vint sans doute se peindre dans le courant impassible des deux yeux bleus la forme confuse du protozoaire dépourvu d ' existence individuelle que j ' étais , je vis une clarté les illuminer : la duchesse , de déesse devenue femme et me semblant tout d ' un coup mille fois plus belle , leva vers moi la main gantée de blanc qu ' elle tenait appuyée sur le rebord de la loge , l ' agita en signe d ' amitié , mes regards se sentirent croisés par l ' incandescence involontaire et les feux des yeux de la princesse , laquelle les avait fait entrer à son insu en conflagration rien qu ' en les bougeant pour chercher à voir à qui sa cousine venait de dire bonjour , et celle - ci , qui m ' avait reconnu , fit pleuvoir sur moi l ' averse étincelante et céleste de son sourire .",12163,2guermantes1.txt
216,6.6048803,"Mais justement , en citant ainsi un vers isolé on décuple sa puissance attractive .",18980,2guermantes3.txt
217,6.6073503,"Ce discours antijuif ou prohébreu - - selon qu ' on s ' attachera à l ' extérieur des phrases ou aux intentions qu ' elles recelaient - - avait été comiquement coupé , pour moi , par une phrase que Morel me chuchota et qui avait désespéré M . de Charlus .",27606,3sodome2.txt
218,6.608131,"C ' était tout à fait , les deux brunes surtout , et un peu plus âgées seulement , de ces jeunes filles du monde qui souvent , vues de ma fenêtre ou croisées dans la rue , m ' avaient fait faire mille projets , aimer la vie , et que je n ' avais pu connaître .",35345,5disparue2.txt
219,6.609743,Le bruit des pompiers était commenté par un gamin .,38842,6retrouve1.txt
220,6.612204,"Or je ne souffrais pas d ’ être devenu cet autre , de ne plus aimer Albertine ;",41126,6retrouve2.txt
221,6.614295,"Car ne pouvant changer subitement de nature , elles auraient tenu là des propos analogues à ceux que je connaissais ;",11882,2guermantes1.txt
222,6.6148,"Mme Verdurin ne disait pas : « Vous comprenez que je la connais un peu cette musique , et un peu encore !",31220,4laprison.txt
223,6.618473,Pour revenir maintenant à ces heures de l ' agonie : - - Vous savez ce que ses soeurs nous ont télégraphié ? demanda mon grand - père à mon cousin .,16353,2guermantes2.txt
224,6.625872,"Quand j ' entendrais plus tard le cornet à bouquin du chevrier , par un premier beau temps , presque italien , le même jour mélangerait tour à tour à sa lumière l ' anxiété de savoir Albertine au Trocadéro , peut - être avec Léa et les deux jeunes filles , puis la douceur familiale et domestique , presque commune , d ' une épouse qui me semblait alors embarrassante et que Françoise allait me ramener .",34464,5disparue1.txt
225,6.626866,"Se montrer plus renseignée sur la musique que je ne l ' aurais cru ne m ' aurait nullement empêché de rompre avec elle ce soir - là , dans le petit tram ;",32497,4laprison.txt
226,6.626883,"Il avait bien des amis musiciens , mais tout en se rappelant le plaisir spécial et intraduisible que lui avait fait la phrase , en voyant devant ses yeux les formes qu ’ elle dessinait , il était pourtant incapable de la leur chanter .",2418,0ducote.txt
227,6.627515,Car je ne pouvais demander à Albertine de m ' arrêter et déjà n ' étaient plus visibles les jeunes femmes dont mes yeux avaient à peine distingué les traits et caressé la fraîcheur dans la blonde vapeur où elles étaient baignées .,30099,4laprison.txt
228,6.6314373,"Puis cela ne suffit plus , il faudrait aux mots écrits confronter les regards , la voix .",23304,3sodome1.txt
229,6.6325083,"Saint - Loup venait souvent lui - même , et pendant tout le temps qu ' il était là , sans qu ' on pût s ' en apercevoir , je tenais Albertine prisonnière sous mon regard , d ' ailleurs inutilement vigilant .",27501,3sodome2.txt
230,6.6326585,Mais ç ' avait été Albertine ;,35282,5disparue1.txt
231,6.637233,"A la première minute , ces noms ne me dirent absolument rien .",16660,2guermantes2.txt
232,6.641516,Mais une chose changea une fois de plus et brusquement la façon dont tous les après - midis vers deux heures se posait le problème de mon amour .,5870,1ombre1.txt
233,6.6425066,"J ' eus du reste , comme je venais de remettre ma serviette en place , l ' occasion d ' avoir une nouvelle audition de cet éblouissant morceau symphonique , car un coup de sonnette ayant retenti , je courus ouvrir la porte de l ' antichambre au cocher qui me rapportait la réponse .",16974,2guermantes3.txt
234,6.6433783,"Les toasts m ' étant d ' ailleurs aussi inconnus que Colombin , cette dernière promesse n ' aurait pu ajouter à ma tentation .",6101,1ombre1.txt
235,6.6539726,"Même en supposant que la partialité de vieil amant , l ' habitude de flatter , les opinions admises dans une coterie , dictassent ces paroles à l ' ancien ambassadeur , celles - ci prouvaient pourtant sur quel néant de goût véritable repose le jugement artistique des gens du monde , si arbitraire qu ' un rien peut le faire aller aux pires absurdités , sur le chemin desquelles il ne rencontre pour l ' arrêter aucune impression vraiment sentie .",15215,2guermantes2.txt
236,6.659078,"L ' autre musicien , celui qui me ravissait en ce moment , Wagner , tirant de ses tiroirs un morceau délicieux pour le faire entrer comme thème rétrospectivement nécessaire dans une œuvre à laquelle il ne songeait pas au moment où il l ' avait composé , puis ayant composé un premier opéra mythologique , puis un second , puis d ' autres encore et s ' apercevant tout à coup qu ' il venait de faire une tétralogie , dut éprouver un peu de la même ivresse que Balzac quand jetant sur ses ouvrages le regard à la fois d ' un étranger et d ' un père , trouvant à celui - ci la pureté de Raphaël , à cet autre la simplicité de l ' Évangile , il s ' avisa brusquement , en projetant sur eux une illumination rétrospective , qu ' ils seraient plus beaux réunis en un cycle où les mêmes personnages reviendraient et ajouta à son œuvre , en ce raccord , un coup de pinceau , le dernier et le plus sublime .",30027,4laprison.txt
237,6.6615057,"Ils font aussi des obélisques de framboise qui se dresseront de place en place dans le désert brûlant de ma soif et dont je ferai fondre le granit rose au fond de ma gorge qu ' elles désaltéreront mieux que des oasis ( et ici le rire profond éclata soit de satisfaction de si bien parler , soit par moquerie d ' elle - même de s ' exprimer par images si suivies , soit , hélas ! par volupté physique de sentir en elle quelque chose de si bon , de si frais , qui lui causait l ' équivalent d ' une jouissance ) .",29605,4laprison.txt
238,6.662322,Françoise n ' eut pas de mérite à faire respecter mon sommeil par Albertine .,28021,4laprison.txt
239,6.6661253,"Mais cette lamentation métaphysique n ' avait pas le temps d ' expirer au bord de l ' infini , elle était interrompue par une vive trompette .",29423,4laprison.txt
240,6.669174,Avez - vous trouvé de jolis titres pour vos petits morceaux de concert ?,26089,3sodome2.txt
241,6.673896,Je n ' osais pas approcher de cette cloison plus que d ' un piano où ma grand ' mère aurait joué et qui vibrerait encore de son toucher .,22100,3sodome1.txt
242,6.6763296,"Ce fut malheureusement un des éclats de cette nervosité méchante qu ' il me fut donné ce jour - là d ' entendre , comme , ayant quitté le piano , j ' étais descendu dans la cour pour aller au - devant d ' Albertine qui n ' arrivait pas .",30059,4laprison.txt
243,6.6770988,"Je ne sais si ce fut ce nom de Sodome et les idées qu ’ il éveilla en lui , soit celle du bombardement , qui firent que M . de Charlus leva un instant les yeux au ciel , mais il les ramena bientôt sur la terre .",38298,6retrouve1.txt
244,6.677327,"Mais dès que Françoise était auprès de moi , un démon me poussait à souhaiter qu ’ elle fût en colère , je saisissais le moindre prétexte pour lui dire que je regrettais ma tante parce que c ’ était une bonne femme , malgré ses ridicules , mais nullement parce que c ’ était ma tante , qu ’ elle eût pu être ma tante et me sembler odieuse , et sa mort ne me faire aucune peine , propos qui m ’ eussent semblé ineptes dans un livre .",1795,0ducote.txt
245,6.6824317,"qui n ’ était pas de la même nature , n ’ était pas colorable à volonté comme elles qui se laissaient imbiber de la teinte orangée d ’ une syllabe , mais était si réelle que tout , jusqu ’ à ce petit bouton qui s ’ enflammait au coin du nez , certifiait son assujettissement aux lois de la vie , comme dans une apothéose de théâtre , un plissement de la robe de la fée , un tremblement de son petit doigt , dénoncent la présence matérielle d ’ une actrice vivante , là où nous étions incertains si nous n ’ avions pas devant les yeux une simple projection lumineuse .",2015,0ducote.txt
246,6.6833177,"Souvent ils étaient déjà entrés dans la boutique de Jupien quand je quittais la duchesse , car le plaisir que j ' avais auprès d ' elle était tel que j ' en venais à oublier non seulement l ' attente anxieuse qui précédait le retour d ' Albertine , mais même l ' heure de ce retour .",28553,4laprison.txt
247,6.683512,"« Eh ! bien , elle était moins libre dans ses expressions . »",32721,4laprison.txt
248,6.6864476,"J ' avais à peine le temps d ' apercevoir , aussi séparé d ' elles derrière la vitre de l ' auto que je l ' aurais été derrière la fenêtre de ma chambre , une jeune fruitière , une crémière , debout devant sa porte , illuminée par le beau temps comme une héroïne que mon désir suffisait à engager dans des péripéties délicieuses , au seuil d ' un roman que je ne connaîtrais pas .",30098,4laprison.txt
249,6.6872363,Ses cris étaient si soudains que le violoniste devait se précipiter sur son archet pour les recueillir .,4202,0ducote.txt
250,6.6879425,"Si la journée du samedi , qui commençait une heure plus tôt , et où elle était privée de Françoise , passait plus lentement qu ’ une autre pour ma tante , elle en attendait pourtant le retour avec impatience depuis le commencement de la semaine , comme contenant toute la nouveauté et la distraction que fût encore capable de supporter son corps affaibli et maniaque .",1391,0ducote.txt
251,6.6883755,"Françoise , avec la fatigue de ses yeux de femme déjà âgée et qui d ' ailleurs voyaient tout de Combray , dans un vague lointain , distingua non la plaisanterie qui était dans ces mots , mais qu ' il devait y en avoir une , car ils n ' étaient pas en rapport avec la suite du propos , et avaient été lancés avec force par quelqu ' un qu ' elle savait farceur .",11770,2guermantes1.txt
252,6.6913953,"Nous allions goûter comme autrefois « en bande » , Albertine , ses amies et moi , sur la falaise ou à la ferme Marie - Antoinette .",23262,3sodome1.txt
253,6.696835,"d ' abord un peu de la même manière que le jour où j ' avais joué la fausse séparation , parce que ces mots me représentant l ' idée qu ' ils m ' exprimaient quoiqu ' ils tendissent à un but contraire ( prononcés mensongèrement pour ne pas , par fierté , avouer que j ' aimais ) , ils portaient en eux leur tristesse .",34059,5disparue1.txt
254,6.6978025,"Et comme le démon du pastiche , et de ne pas paraître vieux jeu , altère la forme la plus naturelle et la plus sûre de soi , Françoise , empruntant cette expression au vocabulaire de sa fille , disait que j ' étais dingo .",12276,2guermantes1.txt
255,6.6983423,"Maintenant l ' abstrait s ' était matérialisé , l ' être enfin compris avait aussitôt perdu son pouvoir de rester invisible , et la transmutation de M . de Charlus en une personne nouvelle était si complète , que non seulement les contrastes de son visage , de sa voix , mais rétrospectivement les hauts et les bas eux - mêmes de ses relations avec moi , tout ce qui avait paru jusque - là incohérent à mon esprit , devenaient intelligibles , se montraient évidents , comme une phrase , n ' offrant aucun sens tant qu ' elle reste décomposée en lettres disposées au hasard , exprime , si les caractères se trouvent replacés dans l ' ordre qu ' il faut , une pensée que l ' on ne pourra plus oublier .",19959,3sodome1.txt
256,6.699322,"et certains soirs au théâtre on se montrait l ' auteur que j ' avais tant admiré à Combray , assis au fond d ' une loge dont la seule composition semblait un commentaire singulièrement risible ou poignant , un impudent démenti de la thèse qu ' il venait de soutenir dans sa dernière oeuvre .",6753,1ombre1.txt
257,6.701425,"de sorte que ces soirs de janvier où elle venait et qui par là m ' avaient été si doux , me souffleraient maintenant dans leur bise aigre une inquiétude que je ne connaissais pas alors , et me rapporteraient , mais devenu pernicieux , le premier germe de mon amour .",34451,5disparue1.txt
258,6.702539,"J ' entendais ces accusations avec la rage de me sentir buter à un des endroits à partir desquels le chemin rustique et familier qu ' était le caractère de Françoise devenait impraticable , pas pour longtemps heureusement .",10896,1ombre3.txt
259,6.704992,"Mais bien vite , le motif triomphant des cloches ayant été chassé , dispersé par d ' autres , je fus repris par cette musique ;",31231,4laprison.txt
260,6.7102103,Je t ' ai écouté avec assez d ' avidité !,12945,2guermantes1.txt
261,6.7119102,"- - « Françoise , vous seriez venue cinq minutes plus tôt , vous auriez vu passer Mme Imbert qui tenait des asperges deux fois grosses comme celles de la mère Callot ;",634,0ducote.txt
262,6.7205386,"Ce mal ne dura pas : l ' idée de relations possibles entre Albertine et des femmes ne me semblait plus possible depuis l ' avant - veille , où les avances que mon amie avait faites à Saint - Loup avaient excité en moi une nouvelle jalousie qui m ' avait fait oublier la première .",23832,3sodome2.txt
263,6.722866,"Malheureusement , la soirée qui vint fut une de celles où cet apaisement ne m ' était pas apporté , où le baiser qu ' Albertine me donnerait en me quittant , bien différent du baiser habituel , ne me calmerait pas plus qu ' autrefois celui de ma mère les jours où elle était fâchée et où je n ' osais pas la rappeler , mais où je sentais que je ne pourrais pas m ' endormir .",28990,4laprison.txt
264,6.7243924,Et ces mots m ' avaient empêché de voir en elle une personne parce qu ' ils me l ' avaient fait classer immédiatement dans une catégorie générale de femmes dont l ' habitude commune à toutes était de venir là le soir voir s ' il n ' y avait pas un louis ou deux à gagner .,7030,1ombre1.txt
265,6.725678,"Avant de dire pourquoi les paroles qu ' il me dit me rendirent si malheureux , je dois relater un incident que je place immédiatement avant sa visite et dont le souvenir me troubla ensuite tellement qu ' il affaiblit , sinon l ' impression pénible que me produisit ma conversation avec Saint - Loup , du moins la portée pratique de cette conversation .",34211,5disparue1.txt
266,6.7264314,"Et quand par hasard j ' apercevais l ' un de ces musiciens qui passaient d ' une feuille sous une autre , il y avait si peu de lien apparent entre lui et ses chants que je ne croyais pas voir la cause de ceux - ci dans le petit corps sautillant , humble , étonné et sans regard .",25937,3sodome2.txt
267,6.7304516,"Mon cœur battait de toutes ses forces , je n ' aurais pas pu dire exactement comment était faite Mlle d ' Éporcheville , je revoyais vaguement un blond visage aperçu de côté , mais j ' étais amoureux fou d ' elle .",35360,5disparue2.txt
268,6.7331347,"Cette seule idée la remplissait de gaîté et de regret , et elle énumérait tel ou tel paysan qui en aurait eu des larmes de rire .",29953,4laprison.txt
269,6.737111,"Nous n ' aimons pas les grandes phrases , les attestations , nous avons tort , nous fermons ainsi notre coeur au pathétique des campagnes , à la légende que la pauvre servante , renvoyée , peut - être injustement , pour vol , toute pâle , devenue subitement plus humble comme si c ' était un crime d ' être accusée , déroule en invoquant l ' honnêteté de son père , les principes de sa mère , les conseils de l ' aïeule .",22306,3sodome1.txt
270,6.7391133,Un tableau ou un roman mondain lui eussent donné la nausée ;,24596,3sodome2.txt
271,6.740521,"Je me dis tout d ' un coup : « Oh ! mon Dieu , on a crevé ma fosse d ' aisances » , c ' est simplement la marquise qui , dans quelque but d ' invitation , vient d ' ouvrir la bouche .",21159,3sodome1.txt
272,6.741086,Elle continua à lire quand les fidèles entrèrent dans son wagon .,24122,3sodome2.txt
273,6.7420263,"Aussi Françoise , persuadée que nous avions passé la nuit dans ce qu ' elle appelait des orgies , recommanda ironiquement aux autres domestiques de ne pas « éveiller la Princesse » .",32844,4laprison.txt
274,6.7427597,L ’ annonce d ’ une poésie que presque tout le monde connaissait avait fait plaisir .,40602,6retrouve2.txt
275,6.742856,Et des spasmes d ' émotion et d ' ironie le parcouraient alternativement .,31501,4laprison.txt
276,6.743005,"Mais le moment de la vie des Guermantes qui excitait le plus vivement l ' intérêt de Françoise , lui donnait le plus de satisfaction et lui faisait aussi le plus de mal , c ' était précisément celui où la porte cochère s ' ouvrant à deux battants , la duchesse montait dans sa calèche .",11706,2guermantes1.txt
277,6.7435393,Maintenant elle portait au silence même une attention douloureuse .,11646,2guermantes1.txt
278,6.7495904,"Mais ces idées , comme un remède qui n ' agit pas contre certaines affections , étaient sans aucune espèce de pouvoir efficace contre ces deux lignes parallèles que je revoyais de temps à autre , de Gilberte et du jeune homme s ' enfonçant à petits pas dans l ' avenue des Champs - Élysées .",7711,1ombre2.txt
279,6.7510223,Chaque parole des « bonnes » la faisait sursauter ;,11640,2guermantes1.txt
280,6.753556,"Son bruit désagréable , qui poussait de temps à autre une sorte de hoquet , n ' avait aucun rapport avec mes souvenirs de Doncières .",16403,2guermantes2.txt
281,6.7553115,"Mais alors un peu de vent soufflait , faisait frémir le porche mobile que parcouraient des remous propagés et tremblants comme une clarté ;",8626,1ombre2.txt
282,6.758279,Aussi en concevait - il pour celle qui me les causait un mélange de rancune et d ' admiration .,33778,5disparue1.txt
283,6.759208,"Françoise entendit peut - être parfois dans la chambre voisine de mordants sarcasmes qui s ’ adressaient à elle et dont l ’ invention n ’ eût pas soulagé suffisamment ma tante , s ’ ils étaient restés à l ’ état purement immatériel , et si en les murmurant à mi - voix elle ne leur eût donné plus de réalité .",1402,0ducote.txt
284,6.7592387,"Puis tant d ' actes différents , tous de gentillesse pour moi ( une gentillesse caressante , parfois inquiète , alarmée , jalouse de ma prédilection pour Andrée ) baignaient de tous côtés le geste de rudesse par lequel , pour m ' échapper , elle avait tiré sur la sonnette .",11488,1ombre3.txt
285,6.7638936,"Malheureusement , comme il laissa peu de transitions et ne fit pas d ' annonce , tout le monde crut que c ' était encore du Debussy , et on continua à crier : « Sublime ! »",25157,3sodome2.txt
286,6.7659755,"On se régalait d ' abord , avec les privilégiés qui avaient été de la fête ( les personnes qui étaient restées là ) , des mots qu ' Oriane avait dits .",17803,2guermantes3.txt
287,6.7686214,"Il suffisait que Mme Swann n ’ arrivât pas toute pareille au même moment , pour que l ’ Avenue fût autre .",5141,0ducote.txt
288,6.7690086,Rien n ' aurait pu alors la revivifier .,23473,3sodome1.txt
289,6.769916,"mot favori d ' une de ses amies ) et cherchait à les placer dans toutes les histoires que , selon une habitude prise dans le « petit clan » , elle aimait à raconter .",6127,1ombre1.txt
290,6.77293,"Aussi suffisait - il qu ' elle rentrât trop tard , que sa promenade eût duré un temps inexplicable , quoique peut - être très facile à expliquer sans faire intervenir aucune raison sensuelle pour que mon mal renaquît , attaché cette fois à des représentations qui n ' étaient pas de Balbec , et que je m ' efforcerais , ainsi que les précédentes , de détruire , comme si la destruction d ' une cause éphémère pouvait entraîner celle d ' un mal congénital .",28143,4laprison.txt
291,6.7766957,"Je me rabattais sur les sujets qui touchaient encore à Gilberte , je rabâchais sans fin les mêmes paroles , et j ’ avais beau savoir que ce n ’ était que des paroles , - - des paroles prononcées loin d ’ elle , qu ’ elle n ’ entendait pas , des paroles sans vertu qui répétaient ce qui était , mais ne le pouvaient modifier , - - pourtant il me semblait qu ’ à force de manier , de brasser ainsi tout ce qui avoisinait Gilberte j ’ en ferais peut - être sortir quelque chose d ’ heureux .",4966,0ducote.txt
292,6.7787557,"Tous les soirs je me plaisais à imaginer cette lettre , je croyais la lire , je m ’ en récitais chaque phrase .",4925,0ducote.txt
293,6.779204,Il m ' était arrivé le contraire de ce qui se produit si fréquemment .,7683,1ombre2.txt
294,6.779941,"Mais quelquefois ces événements revêtaient un caractère si mystérieux et si grave que ma tante sentait qu ’ elle ne pourrait pas attendre le moment où Françoise monterait , et quatre coups de sonnette formidables retentissaient dans la maison .",658,0ducote.txt
295,6.780872,"D ' ailleurs , ses moindres paroles m ' exaspéraient .",21638,3sodome1.txt
296,6.781049,"Quel soulagement à des inquiétudes ressenties depuis plusieurs jours , si , après le premier morceau chanté par la fille des maîtres de la maison ou par quelque amateur en villégiature , un invité annonçait ( signe infaillible que la marquise allait venir à la matinée ) avoir vu les chevaux de la fameuse calèche arrêtés devant l ' horloger ou le droguiste .",22146,3sodome1.txt
297,6.78154,"Je revis , du reste , sa femme une autre fois parce qu ' elle avait dit que ma « cousine » avait un drôle de genre et que je voulus savoir ce qu ' elle entendait par là .",27433,3sodome2.txt
298,6.7820506,"Ce soir - là , et chaque fois que j ’ allais auprès d ’ eux pendant les quelques jours que je passai encore à Paris , j ’ entendis le maître d ’ hôtel dire à Françoise épouvantée : « Ils ne se pressent pas , c ’ est entendu , ils attendent que la poire soit mûre , mais ce jour - là ils prendront Paris et ce jour - là pas de pitié !",38862,6retrouve1.txt
299,6.782663,"Jusque - là je m ' étais hypnotisé sur le dernier mot : « casser » , elle avait voulu dire casser quoi ?",32554,4laprison.txt
300,6.7839046,"Même entre les heures des levées des lettres je n ' osais pas sortir , car elle eût pu faire porter la sienne .",7180,1ombre1.txt
301,6.784977,La voiture s ' arrêta un instant .,24250,3sodome2.txt
302,6.7883544,"Ce nom , murmuré d ' un air modeste , trompa M . de Cambremer qui crut qu ' il s ' agissait d ' un autre .",25235,3sodome2.txt
303,6.7956285,Mais cette explication était absurde ;,29646,4laprison.txt
304,6.7978024,"J ’ allais m ’ en aller doucement mais sans doute le bruit que j ’ avais fait était intervenu dans son sommeil et en avait « changé la vitesse » , comme on dit pour les automobiles , car la musique du ronflement s ’ interrompit une seconde et reprit un ton plus bas , puis elle s ’ éveilla et tourna à demi son visage que je pus voir alors ;",1323,0ducote.txt
305,6.799266,Cette fois il avait distingué nettement une phrase s ’ élevant pendant quelques instants au - dessus des ondes sonores .,2396,0ducote.txt
306,6.8002563,"Sa consolation était qu ' à ces mêmes vendredis ne manquait jamais , en bonne parente , la princesse de Poix , laquelle était sa Guermantes à elle et qui n ' allait jamais chez Mme de Villeparisis quoique Mme de Poix fût amie intime de la duchesse .",14003,2guermantes2.txt
307,6.800977,"Chaque fois j ’ y suis reprise , je crois entendre un orchestre .",2429,0ducote.txt
308,6.801536,"Je regardais Albertine si belle , si indifférente , si gaie , qui , sans le prévoir , allait devenir ma voisine quand enfin j ' arrêterais la bague dans les mains qu ' il faudrait , grâce à un manège qu ' elle ne soupçonnait pas et dont sans cela elle se fût irritée .",11207,1ombre3.txt
309,6.801832,"J ' étais aussi impatient de savoir son nom qu ' elle d ' avoir vu que je la saluais enfin en pleine connaissance de cause et que son sourire indéfiniment prolongé , comme un sol dièse , pouvait enfin cesser .",17379,2guermantes3.txt
310,6.802733,"Mais à peine ses mains allaient - elles la toucher que sur un dernier accord , le morceau finit et le pianiste se leva .",3967,0ducote.txt
311,6.8043213,"les derniers mots que j ’ avais entendus sortir de sa bouche , il y avait six jours , c ’ étaient ceux qui commencent un lied de Schumann et que sur mon escalier il me fredonnait , en allemand , si bien qu ’ à cause des voisins je l ’ avais fait taire .",38928,6retrouve1.txt
312,6.8051414,"Or , quelques minutes à peine après que le petit pianiste avait commencé de jouer chez Mme Verdurin , tout d ’ un coup après une note haute longuement tenue pendant deux mesures , il vit approcher , s ’ échappant de sous cette sonorité prolongée et tendue comme un rideau sonore pour cacher le mystère de son incubation , il reconnut , secrète , bruissante et divisée , la phrase aérienne et odorante qu ’ il aimait .",2420,0ducote.txt
313,6.805702,C ' était d ' Albertine encore !,26317,3sodome2.txt
314,6.812265,"Cette heure me parut , hélas ! bien trop longue car , à peine descendus du wagon , Albertine ne fit plus attention qu ' à Saint - Loup .",23606,3sodome1.txt
315,6.813192,"- - Molière , Racine , Corneille , continua ironiquement M . Bloch le père , dont le fils acheva l ' énumération en ajoutant : Plaute , Ménandre , Kalidasa . »",9426,1ombre3.txt
316,6.8158116,"quand à son retour de chez sa tante , huit jours plus tard , elle me dit avec froideur : « Je vous pardonne , je regrette même de vous avoir fait de la peine mais ne recommencez jamais » , au contraire de ce qui s ' était produit quand Bloch m ' avait dit qu ' on pouvait avoir toutes les femmes , et comme si au lieu d ' une jeune fille réelle , j ' avais connu une poupée de cire , il arriva , que peu à peu se détacha d ' elle mon désir de pénétrer dans sa vie , de la suivre dans les pays où elle avait passé son enfance , d ' être initié par elle à une vie de sport ;",11416,1ombre3.txt
317,6.822122,"Je ne pouvais croire que le seul fait d ' être une femme , et peut - être d ' avoir été malheureuse et d ' avoir l ' opinion de tous pour soi , pouvait faire qu ' on fût aussi différent des siens , comme dans les chansons de geste où toutes les vertus et les grâces sont réunies en la soeur de frères farouches .",14852,2guermantes2.txt
318,6.822385,"Les murs des maisons , la haie de Tansonville , les arbres du bois de Roussainville , les buissons auxquels s ’ adosse Montjouvain , recevaient des coups de parapluie ou de canne , entendaient des cris joyeux , qui n ’ étaient , les uns et les autres , que des idées confuses qui m ’ exaltaient et qui n ’ ont pas atteint le repos dans la lumière , pour avoir préféré à un lent et difficile éclaircissement , le plaisir d ’ une dérivation plus aisée vers une issue immédiate .",1800,0ducote.txt
319,6.8230686,"Alors ma tendresse put renaître , mais , aussitôt avec cette tendresse , une tristesse d ' être séparé d ' Albertine , durant laquelle j ' étais peut - être encore plus malheureux qu ' aux heures récentes où c ' était par la jalousie que j ' étais torturé .",34884,5disparue1.txt
320,6.823665,"Et une fois , ma mère , en train de nous raconter comme chaque soir à dîner , les courses qu ’ elle avait faites dans l ’ après - midi , rien qu ’ en disant : « A ce propos , devinez qui j ’ ai rencontré aux Trois Quartiers , au rayon des parapluies : Swann » , fit éclore au milieu de son récit , fort aride pour moi , une fleur mystérieuse .",4984,0ducote.txt
321,6.8239303,Souvent je lui en avais reparlé depuis .,36113,5disparue2.txt
322,6.82482,"Oh ! mon Dieu , je n ' arriverai jamais à dire madame Swann . »",7356,1ombre1.txt
323,6.8253803,"je m ' arrêtai net et laissant mon illustre compagnon poursuivre son chemin , je restai en arrière , penché , comme si j ' étais subitement intéressé par elle , vers la vitrine du marchand d ' antiquités devant lequel nous passions en ce moment ;",10318,1ombre3.txt
324,6.8269153,"Swann , ajouta - t - elle , revenant au lit du jeune duc , a été frappé de la ressemblance de cette Sirène avec _ la Mort _ de Gustave Moreau .",18589,2guermantes3.txt
325,6.827426,"fondue , figée en une sorte d ' image implorante , elle semblait avoir peur d ' offenser d ' un mouvement trop brusque , d ' un son de voix trop haut , la présence douloureuse qui ne la quittait pas .",22173,3sodome1.txt
326,6.8279614,"Malgré tout la voix de ces jeunes filles accusait déjà nettement le parti pris que chacune de ces petites personnes avait sur la vie , parti pris si individuel que c ' est user d ' un mot bien trop général que de dire pour l ' une : « elle prend tout en plaisantant » ;",11045,1ombre3.txt
327,6.8287416,"Swann m ' apprit à ce propos , un peu plus tard , quelque chose qui ôta , pour moi , au nom de Surgis - le - Duc toute la poésie que je lui avais trouvée .",21252,3sodome1.txt
328,6.82922,"Inoffensives , ayant perdu l ' aiguillon qui met au cœur la jalousie , il m ' était loisible de les admirer , de les caresser du regard , un autre jour plus intimement peut - être .",30183,4laprison.txt
329,6.831158,"Il arrivait que le nom d ' une personne dont nous avions parlé et qui excitait ma jalousie vînt à ses lèvres , mais sans me rendre malheureux , car le souvenir qu ' il y amenait semblait n ' être que celui des conversations qu ' elle avait eues à ce sujet avec moi .",29374,4laprison.txt
330,6.8313885,"Aussitôt la phrase d ' Albertine entendue , mon calme était détruit .",26275,3sodome2.txt
331,6.834425,"Le temps incolore et insaisissable s ’ était , afin que , pour ainsi dire , je puisse le voir et le toucher , matérialisé en elle et l ’ avait pétrie comme un chef - d ’ œuvre , tandis que parallèlement sur moi , hélas ! il n ’ avait fait que son œuvre .",41047,6retrouve2.txt
332,6.8348446,"Puis ce bruit avait été violent , presque mal élevé , comme si elle avait ouvert rouge de colère et disant : « Cette vie m ' étouffe , tant pis , il me faut de l ' air ! »",33353,4laprison.txt
333,6.8353415,"Cette chanson du reste avait ravi , l ' été passé , Mme Bontemps , laquelle entendit dire bientôt que c ' était une ineptie , de sorte que , au lieu de demander à Albertine de la chanter , quand elle avait du monde , elle y substitua : _ Une chanson d ' adieu sort des sources troublées . _ qui devint à son tour « une vieille rengaine de Massenet , dont la petite nous rabat les oreilles .",27972,4laprison.txt
334,6.8384643,"Non pas qu ' il ne me permît d ' en goûter de nombreuses , auxquelles la douleur trop vive m ' avait fermé , mais ces joies , loin de les devoir à Albertine , que d ' ailleurs je ne trouvais plus guère jolie et avec laquelle je m ' ennuyais , que j ' avais la sensation nette de ne pas aimer , je les goûtais au contraire pendant qu ' Albertine n ' était pas auprès de moi .",27980,4laprison.txt
335,6.840919,"Là où un petit musicien prétendrait qu ' il peint un écuyer , un chevalier , alors qu ' il leur ferait chanter la même musique , au contraire , sous chaque dénomination , Wagner met une réalité différente , et chaque fois que paraît un écuyer , c ' est une figure particulière , à la fois compliquée et simpliste , qui , avec un entrechoc de lignes joyeux et féodal , s ' inscrit dans l ' immensité sonore .",30018,4laprison.txt
336,6.8412614,"de peur que , par une parole nouvelle qui n ' eût pu désormais être que différente , elle vînt blesser d ' une dissonance le silence sensitif où , comme grâce à quelque pédale , aurait pu survivre longtemps en moi la tonalité du bonheur .",23245,3sodome1.txt
337,6.842544,« Je ne puis vous dire à quel point la moindre des choses qu ’ il me disait à Doncières et aussi pendant la guerre me frappe maintenant .,40422,6retrouve2.txt
338,6.844309,"Était - ce d ' ailleurs uniquement la voix qui , parce qu ' elle était seule , me donnait cette impression nouvelle qui me déchirait ?",13179,2guermantes1.txt
339,6.847379,"parfois le flot s ' entr ' ouvrait devant une nouvelle néréide qui , tardive , souriante et confuse , venait de s ' épanouir du fond de l ' ombre ;",11995,2guermantes1.txt
340,6.8482103,Je savais maintenant que j ' aimais Albertine ;,11276,1ombre3.txt
341,6.850697,"Toujours , dans ces résurrections - là , le lieu lointain engendré autour de la sensation commune s ’ était accouplé un instant comme un lutteur au lieu actuel .",39232,6retrouve2.txt
342,6.8534775,"Pourtant , elle finit par se plier à mes heures de sommeil , à ne pas essayer non seulement d ' entrer dans ma chambre , mais à ne plus faire de bruit avant que j ' eusse sonné .",28013,4laprison.txt
343,6.8535156,"Les jardiniers obtiennent des fleurs qui sont des rêves délicieux , d ' autres aussi qui ressemblent à des cauchemars .",29506,4laprison.txt
344,6.853913,Maintenant c ' était le contraire qui se produisait .,36378,5disparue2.txt
345,6.855479,Ainsi regardais - je les arbres avec une tendresse insatisfaite qui les dépassait et se portait à mon insu vers ce chef - d ’ œuvre des belles promeneuses qu ’ ils enferment chaque jour pendant quelques heures .,5097,0ducote.txt
346,6.8640103,"Elles n ’ étaient que le souvenir , la perpétuation d ’ une souffrance qui lui était venue du dehors .",3352,0ducote.txt
347,6.864174,"Peut - être avait - elle de l ' irritation contre moi ( irritation suspendue tant qu ' elle m ' avait vu malheureux , inconsolé ) parce que j ' avais eu des relations avec Albertine et qu ' elle m ' enviait peut - être - - croyant que je me jugeais à cause de cela plus favorisé qu ' elle - - un avantage qu ' elle n ' avait peut - être pas obtenu , ni même souhaité .",35898,5disparue2.txt
348,6.8643055,"Autour de ce nez , nez nouveau , on voyait s ’ ouvrir des horizons qu ’ on n ’ eût pas osé espérer .",39774,6retrouve2.txt
349,6.866635,"L ' invisibilité des innombrables oiseaux , quelques - uns à demi marins , qui s ' y répondaient à côté de nous dans les arbres donnait la même impression de repos qu ' on a les yeux fermés .",25935,3sodome2.txt
350,6.868109,"tout à coup , comme apparaît au ciel un phénomène astral , je vis des corps ovoïdes prendre avec une rapidité vertigineuse toutes les positions qui leur permettaient de composer , devant Saint - Loup , une instable constellation .",13862,2guermantes1.txt
351,6.869019,"Si , dans l ' après - midi , j ' avais vu la colère amoureuse d ' un animal furieux , ce soir , en quelques heures , des siècles avaient passé et un sentiment nouveau , un sentiment de honte , de regret , de chagrin , montrait qu ' une grande étape avait été franchie dans l ' évolution de la bête destinée à se transformer en créature humaine .",30503,4laprison.txt
352,6.869481,"Par instants , elle était parcourue d ' une agitation légère et inexplicable comme les feuillages qu ' une brise inattendue convulse pendant quelques instants .",28791,4laprison.txt
353,6.872525,"Puis viennent des œuvres autres , même opposées , que ce soit en littérature , en peinture ou en musique .",39420,6retrouve2.txt
354,6.8748507,"Ce n ' est pas assez de dire que j ' avais rejoint le calme et la santé , car c ' était plus qu ' une simple distance qui les avait la veille séparés de moi , j ' avais eu toute la nuit à lutter contre un flot contraire , et puis je ne me retrouvais pas seulement auprès d ' eux , ils étaient rentrés en moi .",9915,1ombre3.txt
355,6.8749156,"Elle choisissait des morceaux ou tout nouveaux ou qu ' elle ne m ' avait encore joués qu ' une fois ou deux , car , commençant à me connaître , elle savait que je n ' aimais proposer à mon attention que ce qui m ' était encore obscur , heureux de pouvoir , au cours de ces exécutions successives , rejoindre les unes aux autres , grâce à la lumière croissante mais hélas ! dénaturante et étrangère de mon intelligence , les lignes fragmentaires et interrompues de la construction , d ' abord presque ensevelie dans la brume .",32983,4laprison.txt
356,6.8757467,"Alors le personnage regardait et écoutait , mais à une certaine profondeur seulement , de sorte que l ’ observation n ’ en profitait pas .",37234,6retrouve1.txt
357,6.88252,et en entendant son coup de sonnette je me sentais délivré de mes préoccupations .,12542,2guermantes1.txt
358,6.8826566,"Nous sommes alors , pour avoir trouvé la préface de Balzac à _ la Chartreuse _ ou des lettres inédites de Joubert , tentés de nous exagérer le prix de la vie que nous y avons menée et dont nous oublions , pour cette aubaine d ' un soir , la frivolité stérile .",18985,2guermantes3.txt
359,6.883882,"Enfin , dans une certaine mesure , la germanophilie de M . de Charlus , comme le regard de Saint - Loup sur la photographie d ’ Albertine , m ’ avait aidé à me dégager pour un instant , sinon de ma germanophobie , du moins de ma croyance en la pure objectivité de celle - ci et à me faire penser que peut - être en était - il de la haine comme de l ’ amour , et que , dans le jugement terrible que porte en ce moment même la France à l ’ égard de l ’ Allemagne , qu ’ elle juge hors de l ’ humanité , y avait - il surtout une objectivité de sentiments , comme ceux qui faisaient paraître Rachel et Albertine si précieuses , l ’ une à Saint - Loup , l ’ autre à moi .",39644,6retrouve2.txt
360,6.8843718,"L ' impression que nous cause une personne , une oeuvre ( ou une interprétation ) fortement caractérisées , est particulière .",12080,2guermantes1.txt
361,6.885471,"Si elle faisait allusion aux bruits que de rares personnes faisaient courir sur le baron , c ' était seulement comme à d ' absurdes et infâmes inventions .",21411,3sodome1.txt
362,6.8875985,Car j ' étais froid devant des beautés qu ' ils me signalaient et m ' exaltais de réminiscences confuses ;,24976,3sodome2.txt
363,6.8880534,J ' étais passionné pour elles comme on l ' est parfois pour une espèce de fleurs .,10787,1ombre3.txt
364,6.8887243,"Soudain j ' éprouvai de nouveau la nostalgie de ma liberté perdue en entendant un bruit que je ne reconnus pas d ' abord et que ma grand ' mère eût , lui aussi , tant aimé .",33402,4laprison.txt
365,6.889752,"Mais c ' est justement ce qui pouvait le mieux me calmer , la jalousie appartenant à cette famille de doutes maladifs que lève bien plus l ' énergie d ' une affirmation que sa vraisemblance .",23214,3sodome1.txt
366,6.8910484,« Qu ' ont - elles dit ? »,28643,4laprison.txt
367,6.891283,"Mes parents l ’ avaient accompagné , j ’ avais entendu la porte s ’ ouvrir , sonner , se refermer .",41220,6retrouve2.txt
368,6.892725,"Hélas ! quand Saint - Loup me dit aussi que dans ce salon il avait entendu chanter à tue - tête d ' une chambre voisine et que c ' était Albertine qui chantait , je compris avec désespoir que , débarrassée enfin de moi , elle était heureuse !",34245,5disparue1.txt
369,6.8938704,"« Vous avez joué l ' autre jour la transcription au piano du XVe quatuor , ce qui est déjà absurde parce que rien n ' est moins pianistique .",26144,3sodome2.txt
370,6.8961325,Maintenant voilà que le souvenir de cette tendresse de Mme Verdurin était venu brusquement rejoindre le souvenir de sa conversation de mauvais goût .,4329,0ducote.txt
371,6.897045,"Françoise était d ’ autant plus troublée de ces paroles qu ’ en effet , après avoir cru les optimistes plutôt que le maître d ’ hôtel , elle voyait que la guerre , qu ’ elle avait cru devoir finir en quinze jours malgré « l ’ envahition de la pauvre Belgique » , durait toujours , qu ’ on n ’ avançait pas , phénomène de fixation des fronts dont elle comprenait mal le sens , et qu ’ enfin un des innombrables « filleuls » à qui elle donnait tout ce qu ’ elle gagnait chez nous lui racontait qu ’ on avait caché telle chose , telle autre .",38889,6retrouve1.txt
372,6.899225,Et cette immobilité d ' une expression même légère pesait comme un silence ;,32665,4laprison.txt
373,6.8994236,"ou plutôt à la musique je n ' avais guère mêlé le souvenir que d ' une seule personne , celui d ' Albertine .",31308,4laprison.txt
374,6.901053,"Hélas , il est probable que si elle avait entendu en ce moment le même air , ce n ' eût pas été moi qu ' elle eût chéri sous le nom de des Grieux , et si elle en avait eu seulement l ' idée , mon souvenir l ' eût empêchée de s ' attendrir en écoutant cette musique qui rentrait pourtant bien , quoique mieux écrite et plus fine , dans le genre de celle qu ' elle aimait .",33988,5disparue1.txt
375,6.9017673,"Et si Françoise s ’ amusait de l ’ air épouvanté de ma tante quand de son lit elle avait aperçu dans la rue du Saint - Esprit une de ces personnes qui avait l ’ air de venir chez elle ou quand elle avait entendu un coup de sonnette , elle riait encore bien plus , et comme d ’ un bon tour , des ruses toujours victorieuses de ma tante pour arriver à les faire congédier et de leur mine déconfite en s ’ en retournant sans l ’ avoir vue , et , au fond admirait sa maîtresse qu ’ elle jugeait supérieure à tous ces gens puisqu ’ elle ne voulait pas les recevoir .",817,0ducote.txt
376,6.902295,"« Mais non , je parle de ce que vous avez dit » .",32514,4laprison.txt
377,6.904895,"Sauf au moment où il avait dit : « plus fort que la Ronde » , blasphème qui avait provoqué une protestation de Mme Verdurin qui tenait « la Ronde » pour le plus grand chef - d ’ œuvre de l ’ univers avec « la Neuvième » et « la Samothrace » , et à : « fait avec du caca » qui avait fait jeter à Forcheville un coup d ’ œil circulaire sur la table pour voir si le mot passait et avait ensuite amené sur sa bouche un sourire prude et conciliant , tous les convives , excepté Swann , avaient attaché sur le peintre des regards fascinés par l ’ admiration .",2969,0ducote.txt
378,6.90566,ou plutôt il allait frapper aux volets comme il faisait souvent quand il venait très tard ;,3222,0ducote.txt
379,6.9059725,"Sans doute les lignes de la voix , comme celles du visage , n ' étaient pas encore définitivement fixées ;",11039,1ombre3.txt
380,6.906221,"C ' est peut - être parce qu ' étaient si divers les êtres que je contemplais en elle à cette époque que plus tard je pris l ' habitude de devenir moi - même un personnage autre selon celle des Albertine à laquelle je pensais : un jaloux , un indifférent , un voluptueux , un mélancolique , un furieux , recréés , non seulement au hasard du souvenir qui renaissait , mais selon la force de la croyance interposée pour un même souvenir , par la façon différente dont je l ' appréciais .",11565,1ombre3.txt
381,6.9063478,"Sa main se tendit vers son chapelet qui était sur la petite table , mais le sommeil recommençant ne lui laissa pas la force de l ’ atteindre : elle se rendormit , tranquillisée , et je sortis à pas de loup de la chambre sans qu ’ elle ni personne eût jamais appris ce que j ’ avais entendu .",1330,0ducote.txt
382,6.906948,"Le traitement par leur peinture , par leur prose , n ' est pas toujours agréable .",16091,2guermantes2.txt
383,6.9100213,"À ce moment , abordant le récit d ' Aimé par une autre face que celle où il me l ' avait fait , ma pensée , qui jusqu ' ici avait navigué en souriant sur ces eaux bienheureuses , éclatait soudain , comme si elle eût heurté une mine invisible et dangereuse , insidieusement posée à ce point de ma mémoire .",28952,4laprison.txt
384,6.9120913,"Plus tard ces jeunes filles perdraient cet accent de conviction enthousiaste qui donnait du charme aux choses les plus simples , soit qu ' Albertine sur un ton d ' autorité débitât des calembours que les plus jeunes écoutaient avec admiration jusqu ' à ce que le fou rire se saisît d ' elles avec la violence irrésistible d ' un éternuement , soit qu ' Andrée mît à parler de leurs travaux scolaires , plus enfantins encore que leurs jeux , une gravité essentiellement puérile ;",11043,1ombre3.txt
385,6.9136486,"Ce sera tous ces bruits que nous entendons , transformés en un bon repas . »",29576,4laprison.txt
386,6.9145594,"le bruit distinctement perçu de chaque flot qui se brisait avait , dans sa douceur et dans sa netteté , quelque chose de sublime .",24227,3sodome2.txt
387,6.916439,je fus frappé d ' une certaine ressemblance entre moi et Andrée .,35207,5disparue1.txt
388,6.917595,"Mais il arrive que cette évocation recherchée se trouve entravée , au contraire , par la lecture prolongée du livre .",39346,6retrouve2.txt
389,6.9181004,"moi - même , j ' étais déplacé légèrement par son mouvement régulier : Je m ' étais embarqué sur le sommeil d ' Albertine .",28803,4laprison.txt
390,6.9192023,"Mais qu ' étaient leurs paroles , qui , comme toute parole humaine extérieure , me laissaient si indifférent , à côté de la céleste phrase musicale avec laquelle je venais de m ' entretenir ?",31301,4laprison.txt
391,6.9238114,"Cette petite scène qui se renouvelait chaque fois que le pianiste allait jouer enchantait les amis aussi bien que si elle avait été nouvelle , comme une preuve de la séduisante originalité de la « Patronne » et de sa sensibilité musicale .",2336,0ducote.txt
392,6.924824,"D ' ailleurs le jour devait venir où , pour un temps , Debussy serait déclaré aussi fragile que Massenet et les tressautements de Mélisande abaissés au rang de ceux de _ Manon _ .",22956,3sodome1.txt
393,6.9273615,"Mais elles ne firent que me paraître nouvelles , que me forcer à entrer non en conflit mais en contact avec elles , que modifier la gaieté et les chants de mon lever , elles ne firent que me mettre de force au coeur d ' une sorte de coquelicot pour regarder le monde , que je voyais tout autre qu ' à Paris , de ce gai paravent qu ' était cette maison nouvelle , autrement orientée que celle de mes parents et où affluait un air pur .",12536,2guermantes1.txt
394,6.9282174,"Et comme Albertine me disait , pour me remercier encore : « J ' aime tant les turquoises ! »",21788,3sodome1.txt
395,6.9290814,Et pourquoi alors croyons - nous particulièrement profondes ces phrases mystérieuses qui hantent certains ouvrages et ce septuor de Vinteuil ?,33103,4laprison.txt
396,6.929937,"mais la sienne avait pour objet , au lieu du pianiste , le piano sur lequel une bougie tressautant à chaque fortissimo , risquait , sinon de mettre le feu à l ’ abat - jour , du moins de faire des taches sur le palissandre .",3965,0ducote.txt
397,6.931287,"Il est vrai que , d ’ autre part , comme elle voulait m ’ entendre raconter des histoires , beaucoup de ceux que je lui citai ne lui dirent absolument rien , ils étaient tous tombés dans l ’ oubli , du moins ceux qui n ’ avaient brillé que de l ’ éclat individuel d ’ une personne et n ’ étaient pas le nom générique et permanent de quelque célèbre famille aristocratique ( dont la jeune femme savait rarement le titre exact , supposant des naissances inexactes sur un nom qu ’ elle avait entendu de travers la veille dans un dîner ) , et elle ne les avait pour la plupart jamais entendu prononcer , n ’ ayant commencé à aller dans le monde ( non seulement parce qu ’ elle était encore jeune , mais parce qu ’ elle habitait depuis peu la France et n ’ avait pas été reçue tout de suite ) que quelques années après que je m ’ en étais moi - même retiré .",40242,6retrouve2.txt
398,6.932258,"C ' est de mon lit que je regardais aujourd ' hui ces souvenirs , car je m ' étais recouché pour attendre le moment où , profitant de l ' absence de mes parents , partis pour quelques jours à Combray , je comptais ce soir même aller entendre une petite pièce qu ' on jouait chez Mme de Villeparisis .",16397,2guermantes2.txt
399,6.9327383,"Ce mouvement oublié refit du corps qu ' il anima , celui de cette Albertine qui me connaissait encore à peine .",30476,4laprison.txt
400,6.9330244,On sait qu ' elle avait parlé semblablement de mon influence sur Andrée .,28710,4laprison.txt
401,6.934575,"Mais elle dut parler - - je ne sais pas pour dire quoi - - aux Verdurin , car dès que je demandais à ceux - ci si je ne ferais pas bien de faire une politesse à la princesse Sherbatoff , tous en choeur se précipitaient : « Non !",26682,3sodome2.txt
402,6.935288,mais plusieurs étaient arrivées après la musique ou parties avant ;,2414,0ducote.txt
403,6.935703,Mais du moins l ' Albertine que j ' avais aimée restait dans mon cœur .,34940,5disparue1.txt
404,6.939004,"Ah ! mais , nom d ’ une pipe ! ça change ( la figure de l ’ amateur à ce moment - là exprime une inquiétude anxieuse comme s ’ il pensait : « Mais je vois des étincelles , ça sent le roussi , il y a le feu » ) .",39412,6retrouve2.txt
405,6.9396567,C ' est pour ses propres nerfs qu ' il semblait redouter son retour immédiatement après d ' âcres paroles de brouille .,19214,2guermantes3.txt
406,6.9417105,"Je tardai encore quelques instants , puis m ' en allai , et fus bien étonné quand un peu après , ayant entendu frapper à la porte de ma chambre et ayant demandé qui était là , j ' entendis la voix de M . de Charlus qui disait d ' un ton sec : - - C ' est Charlus .",9267,1ombre2.txt
407,6.94721,"Et ce fractionnement , n ' était - il pas au fond juste qu ' il me calmât ?",34982,5disparue1.txt
408,6.948291,"Beaucoup de femmes par qui il me semblait que j ' eusse pu me faire présenter étaient dans le jardin où , tout en feignant une admiration exaltée , elles ne savaient pas trop que faire .",20328,3sodome1.txt
409,6.9487443,- - Je vais jouer la phrase de la Sonate pour M . Swann ? dit le pianiste .,3108,0ducote.txt
410,6.9495893,"Les ayant aperçues une fois pendant notre déjeuner je n ' y arrivais plus qu ' en retard , attendant indéfiniment sur la digue qu ' elles y passassent ;",10041,1ombre3.txt
411,6.950473,Il y en avait qui étaient d ' une beauté si rare qu ' en les apercevant mon plaisir était encore accru par la surprise .,8521,1ombre2.txt
412,6.951855,"tant les ruchés , les volants , le gilet suivaient en toute indépendance , selon la fantaisie de leur dessin ou la consistance de leur étoffe , la ligne qui les conduisait aux nœuds , aux bouillons de dentelle , aux effilés de jais perpendiculaires , ou qui les dirigeait le long du busc , mais ne s ’ attachaient nullement à l ’ être vivant , qui selon que l ’ architecture de ces fanfreluches se rapprochait ou s ’ écartait trop de la sienne , s ’ y trouvait engoncé ou perdu .",2216,0ducote.txt
413,6.952514,"Je me trouvais tout d ' un coup et pour un instant pouvoir éprouver , pour la fastidieuse jeune fille , des sentiments ardents .",28587,4laprison.txt
414,6.9559813,"Cependant , ces jours de goûter , m ' élevant dans l ' escalier marche à marche , déjà dépouillé de ma pensée et de ma mémoire , n ' étant plus que le jouet des plus vils réflexes , j ' arrivais à la zone où le parfum de Mme Swann se faisait sentir .",6064,1ombre1.txt
415,6.9565363,"J ’ avais tort aussi , car ce plaisir générateur que nous aimons à trouver rétrospectivement dans un beau visage de femme vient de nos sens : il était bien certain , en effet , que ces pages que j ’ écrirais , Albertine , surtout l ’ Albertine d ’ alors , ne les eût pas comprises .",39668,6retrouve2.txt
416,6.958265,N ' était - ce même pas Françoise qui dormait et moi qui venais de l ' éveiller ;,29479,4laprison.txt
417,6.9599905,"Elle ne demeura pas longtemps sans mélange , quand j ' eus entendu la réponse de Françoise .",21717,3sodome1.txt
418,6.960949,Je songeai à une grande potiche de vieux Chine qui me venait de ma tante Léonie et dont maman prédisait chaque jour que Françoise allait venir en lui disant : « A s ' est décollée » et qu ' il n ' en resterait rien .,7657,1ombre2.txt
419,6.962734,Si je ne compris pas la Sonate je fus ravi d ' entendre jouer Mme Swann .,6421,1ombre1.txt
420,6.96414,Mme de Villeparisis entendit ces derniers mots .,15381,2guermantes2.txt
421,6.9665866,"A l ' égard de Mme de Stermaria c ' était bien plus et il me suffisait maintenant , pour l ' aimer , de la revoir afin que fussent renouvelées ces impressions si vives mais trop brèves et que la mémoire n ' aurait pas sans cela la force de maintenir dans l ' absence .",17009,2guermantes3.txt
422,6.9681997,J ' avais définitivement cessé d ' aimer Albertine .,36394,5disparue2.txt
423,6.968921,Elle les avait souvent vu naître .,8774,1ombre2.txt
424,6.9706645,"Une seule chose faillit compromettre mon plaisir pendant notre aventureuse randonnée , à cause de l ' étonnement irrité où elle me jeta un instant .",17065,2guermantes3.txt
425,6.9716434,"Mais dans cette chaleur qui quelques heures plus tard s ' imbiberait de l ' odeur des cerises , ce que je trouvais ( comme dans un remède que le remplacement d ' une des parties composantes par une autre suffît pour rendre , d ' un euphorique et d ' un excitatif qu ' il était , un déprimant ) , ce n ' était plus le désir des femmes mais l ' angoisse du départ d ' Albertine .",34433,5disparue1.txt
426,6.973104,"Et les fidèles écoutaient les paroles de Mme Verdurin avec le mélange d ' admiration et de malaise que certaines pièces cruellement réalistes et d ' une observation pénible causent autrefois , et tout en s ' émerveillant de voir leur chère patronne donner une forme nouvelle de sa droiture et de son indépendance , plus d ' un , tout en se disant qu ' après tout ce ne serait pas la même chose , pensait à sa propre mort et se demandait si , le jour qu ' elle surviendrait , on pleurerait ou on donnerait une fête quai Conti .",31080,4laprison.txt
427,6.9732013,"Elles - mêmes n ’ ont fait que poser pour l ’ écrivain dans le moment même où , bien contre son gré , elles le faisaient le plus souffrir .",39512,6retrouve2.txt
428,6.974981,"Mais si par là chacune de ces beautés était apparentée avec les autres et reconnaissable , elle restait cependant particulière , comme la découverte qui l ' avait mise à jour ;",6683,1ombre1.txt
429,6.976299,"Oui , pendant que tous les gens prétendus d ’ avant - garde , comme ma nouvelle cousine , dit - elle en montrant ironiquement la princesse de Guermantes qui , pour Oriane , restait Mme Verdurin , l ’ auraient laissée crever de faim sans daigner l ’ entendre , je l ’ avais trouvée intéressante et je lui avais fait offrir un cachet pour venir jouer chez moi devant tout ce que nous faisions de mieux comme gratin .",40775,6retrouve2.txt
430,6.978845,"- - « Mais , madame Octave , ce n ’ est pas encore l ’ heure de la pepsine , disait Françoise .",659,0ducote.txt
431,6.9794164,"Chaque fois que j ' entendais ouvrir une porte , j ' avais ce tressaillement que ma grand ' mère avait pendant son agonie chaque fois que je sonnais .",32926,4laprison.txt
432,6.9811974,"Quelques instants après le choc , l ' intelligence qui comme le bruit du tonnerre , ne voyage pas aussi vite , m ' en apportait la raison .",35141,5disparue1.txt
433,6.9814467,"Telle , au rebours de sa belle - mère , Mme de Cambremer avait - elle deux politesses infiniment différentes .",22820,3sodome1.txt
434,6.983335,"Cependant , pour en finir avec l ' amour de la Princesse , disons quel rien m ' ouvrit les yeux .",21420,3sodome1.txt
435,6.9841437,"Parfois , ainsi que cela lui était sans doute arrivé pour moi le soir où j ' avais été mandé par lui après le dîner Guermantes , l ' assouvissement avait lieu grâce à une violente semonce que le baron jetait à la figure du visiteur , comme certaines fleurs , grâce à un ressort , aspergent à distance l ' insecte inconsciemment complice et décontenancé .",20083,3sodome1.txt
436,6.9843283,Elle se rabattit sur l ' éloge des fruits que Mme de Villeparisis nous avait fait apporter la veille .,8413,1ombre2.txt
437,6.9852295,"La présence d ' Albertine me pesait , et , maussade , je la regardais donc , en sentant que c ' était un malheur que nous , n ' eussions pas rompu .",33383,4laprison.txt
438,6.985753,"Elle rentrait dans d ’ horribles souffrances mais heureuse d ’ apporter à sa fille les billets bleus , que , par une gaminerie de vieille enfant de la balle , elle avait l ’ habitude de serrer dans ses bas , d ’ où elle les sortait avec fierté , espérant un sourire , un baiser .",40568,6retrouve2.txt
439,6.985855,"Le morceau fini , je me permis de réclamer du Franck , ce qui eut l ' air de faire tellement souffrir Mme de Cambremer que je n ' insistai pas .",25152,3sodome2.txt
440,6.9864,"Ne parlons même pas de ceux de la Décadence , et ne remontons pas jusqu ' aux Grecs , bien que j ' aie dit à cet excellent M . de Charlus qu ' auprès de lui je me faisais l ' effet de Platon chez Aspasie .",32343,4laprison.txt
441,6.986884,elles le persuadaient que le lendemain ne serait pas différent de ce qu ’ avaient été tous les autres jours ;,4953,0ducote.txt
442,6.98842,Tableau ! ajouta le docteur qui n ' était pas encore remis de son émoi .,23827,3sodome2.txt
443,6.98893,C ' était elle qui était maintenant ce qu ' Albertine avait été autrefois : mon amour pour Albertine n ' avait été qu ' une forme passagère de ma dévotion à la jeunesse .,36388,5disparue2.txt
444,6.989505,"Mais malheureusement je me rappelai presque aussitôt un autre trait de caractère d ' Albertine , et qui était la vivacité avec laquelle la saisissait la tentation irrésistible d ' un plaisir .",33222,4laprison.txt
445,6.9896398,Avec cela que je ne l ’ aurais pas reconnue ? »,670,0ducote.txt
446,6.990744,"« Une seconde » , interrompit Jupien qui avait entendu une sonnette retentir à la chambre n ° 3 .",38469,6retrouve1.txt
447,6.991726,"Et moi pour qui , moins pourtant que pour Vinteuil peut - être , elle avait été aussi , elle venait d ' être ce soir même encore , en réveillant à nouveau ma jalousie d ' Albertine , elle devait surtout dans l ' avenir être cause de tant de souffrances , c ' était grâce à elle , par compensation , qu ' avait pu venir jusqu ' à moi l ' étrange appel que je ne cesserais plus jamais d ' entendre , comme la promesse et la preuve qu ' il existait autre chose , réalisable par l ' art sans doute , que le néant que j ' avais trouvé dans tous les plaisirs et dans l ' amour même , et que si ma vie me semblait si vaine , du moins n ' avait - elle pas tout accompli .",31360,4laprison.txt
448,6.9927354,Et en effet j ’ avais été frappé d ’ une vague ressemblance qu ’ on pouvait à la rigueur trouver maintenant entre elles .,37056,6retrouve1.txt
449,6.994212,"A vrai dire , à la maison , le nom des personnes que celle - ci arrivait peu à peu à connaître , piquait plus la curiosité qu ' il n ' excitait d ' admiration .",6211,1ombre1.txt
450,6.9942408,"Mais dans sa conversation ( Albertine aurait pu , si je lui en eusse parlé , dire que j ' avais mal entendu ) , il y avait certaines contradictions , certaines retouches qui me semblaient aussi décisives qu ' un flagrant délit , mais moins utilisables contre Albertine qui , souvent prise en fraude comme un enfant , grâce à de brusques redressements stratégiques , avait chaque fois rendu vaines mes cruelles attaques et rétabli la situation .",29913,4laprison.txt
451,6.9948397,"On s ’ étonnait de le voir si pâle , abattu , ne prononçant que de rares paroles qui avaient l ’ insignifiance de celles que disent les morts qu ’ on évoque .",39909,6retrouve2.txt
452,6.9959354,"les sapins de la Raspelière , plus agités que quand s ' élevait le vent du soir , coururent dans tous les sens pour nous éviter , et un domestique nouveau que je n ' avais encore jamais vu vint nous ouvrir au perron , pendant que le fils du jardinier , trahissant des dispositions précoces , dévorait des yeux la place du moteur .",25978,3sodome2.txt
453,6.996827,"le sillage que laissait en moi le regret de Mme de Stermaria ne voulait pas être effacé si vite , mais , au moment où je ne sentais plus dans mon coeur aucune raison de bonheur , Saint - Loup entrant , ce fut comme une arrivée de bonté , de gaîté , de vie , qui étaient en dehors de moi sans doute mais s ' offraient à moi , ne demandaient qu ' à être à moi .",17028,2guermantes3.txt
454,6.9969625,"Cette décadence du parler de Françoise , que j ' avais connu à ses belles époques , j ' en étais du reste indirectement responsable .",29944,4laprison.txt
455,7.000293,"Ce signe d ' élection , dont l ' habitude de dîner ensemble avait marqué les membres du petit groupe , ne les distinguait pas seulement quand , nombreux , en force , ils étaient massés , faisant une tache plus brillante au milieu du troupeau des voyageurs - - ce que Brichot appelait le « pecus » - - sur les ternes visages desquels ne pouvait se lire aucune notion relative aux Verdurin , aucun espoir de jamais dîner à la Raspelière .",23719,3sodome2.txt
456,7.001862,"Elle avait toujours un sourire gai pour excuser l ' enfantillage d ' Albertine qui exprimait avec une violence naïve la tentation irrésistible qu ' offraient pour elle des parties de plaisir auxquelles elle ne savait pas , comme Andrée , préférer résolument de causer avec moi . . .",10859,1ombre3.txt
457,7.0026164,"Se montrant toujours tendrement indulgente à l ' exubérante frivolité d ' Albertine , Andrée avait avec elle des paroles , des sourires qui étaient d ' une amie , bien plus elle agissait en amie .",11256,1ombre3.txt
458,7.0033593,J ’ allai sans bruit dans le couloir ;,395,0ducote.txt
459,7.00925,"Pas un mouvement ne révéla chez le baron qu ' il eût entendu ma phrase , et comme je la répétai quatre fois sans avoir de réponse , je finis par douter si je n ' avais pas été le jouet d ' un mirage acoustique quand j ' avais cru entendre ce que M . de Charlus avait dit .",27547,3sodome2.txt
460,7.0102005,C ' est la raison qui ouvre les yeux ;,19951,3sodome1.txt
461,7.0103297,"« En tout cas , il n ' y en a pas eu dans la musique . »",31420,4laprison.txt
462,7.010503,"On a dit aussi que le silence était un supplice , et capable de rendre fou celui qui y était astreint dans les prisons .",13013,2guermantes1.txt
463,7.0107055,"Mais une fois arrivées à ce point , quand , émerveillées avec raison par l ' éblouissant coloris orchestral de Richard Strauss , elles voient ce musicien accueillir avec une indulgence digne d ' Auber les motifs plus vulgaires , ce que ces personnes aimaient trouve soudain dans une autorité si haute une justification qui les ravit et elles s ' enchantent sans scrupules et avec une double gratitude , en écoutant _ Salomé _ , de ce qui leur était interdit d ' aimer dans _ Les Diamants de la Couronne _ .",17613,2guermantes3.txt
464,7.0117307,"mais même ces intervalles qu ' il y avait alors entre ses visites qui la faisaient surgir , au bout de plusieurs semaines , du sein d ' une vie inconnue que je n ' essayais pas de posséder , assuraient mon calme , en empêchant les velléités sans cesse interrompues de ma jalousie , de se conglomérer , de faire bloc dans mon cœur .",34449,5disparue1.txt
465,7.0128303,"Mais elle n ' en fit rien et tout en suscitant la présence d ' Andrée , l ' enveloppa , en grand poète qu ' est toujours une demoiselle du téléphone , de l ' atmosphère particulière à la demeure , au quartier , à la vie même de l ' amie d ' Albertine .",29180,4laprison.txt
466,7.0131345,"Chaque fois qu ' un fait « écrasant » contre Dreyfus se produisait et que le duc , croyant que cela allait convertir les trois dames charmantes , venait le leur annoncer , elles riaient beaucoup et n ' avaient pas de peine , avec une grande finesse de dialectique , à lui montrer que l ' argument était sans valeur et tout à fait ridicule .",21807,3sodome1.txt
467,7.0154934,"sans doute la forme mauvaise qu ' on a constatée une fois pour toutes , reviendra , mais l ' âme est bien plus riche que cela , a bien d ' autres formes qui reviendront , elles aussi , chez ces hommes , et dont nous refusons la douceur à cause du mauvais procédé qu ' ils ont eu .",32307,4laprison.txt
468,7.016801,Je m ' aperçus que la petite laitière était toujours là .,29848,4laprison.txt
469,7.0176067,"comme jadis dans l ’ étroit petit jardin où on prenait de l ’ orangeade , tout ce qu ’ il y avait de plus exquis dans le grand monde venait familièrement , parmi les brises parfumées du soir et les nuages de pollen , entretenir en elle le goût du grand monde , de même maintenant un autre appétit lui faisait souhaiter savoir les raisons de telle polémique littéraire , connaître des auteurs , voir des actrices .",40661,6retrouve2.txt
470,7.0177283,Notre douleur du premier instant cède devant ces dernières suppositions qui calment toute jalousie .,39707,6retrouve2.txt
471,7.018268,"On n ’ avait pas entendu , il refrappa plus fort , la conversation s ’ arrêta .",3240,0ducote.txt
472,7.0185957,Cela me disposait déjà à imaginer dans François le Champi quelque chose d ’ indéfinissable et de délicieux .,483,0ducote.txt
473,7.0197496,Mais cette étrangeté même exerçait sur eux une espèce d ' attrait .,26607,3sodome2.txt
474,7.0202165,"« Hé bien si ! répondit - elle d ' une voix douce , c ' est moi qui détiens la nouvelle la plus extraordinaire , je ne te dirai pas la plus grande , la plus petite , car cette citation de Sévigné faite par tous les gens qui ne savent que cela d ' elle écœurait ta grand ' mère autant que « la jolie chose que c ' est de fumer . »",36505,5disparue2.txt
475,7.021024,"Et supposant que c ’ était peut - être parce qu ’ il n ’ aimait pas Francillon : - - Du reste , je crois que j ’ aurai une déception .",3000,0ducote.txt
476,7.0215373,"Tout d ' un coup je m ' avisai que je raisonnais comme si , entre les trois , Mlle d ' Éporcheville était précisément la blonde qui s ' était retournée et m ' avait regardée deux fois .",35361,5disparue2.txt
477,7.022236,"Seul , le désir qu ' elle excitait chez les autres , quand l ' apprenant je recommençais à souffrir et voulais la leur disputer , la hissait à mes yeux sur un haut pavois .",28213,4laprison.txt
478,7.0228057,"Me rappelant ainsi soit Albertine elle - même , soit le type pour lequel elle avait sans doute une préférence , ces femmes éveillaient en moi un sentiment cruel de jalousie ou de regret , qui plus tard quand mon chagrin s ' apaisa se mua en une curiosité non exempte de charme .",35243,5disparue1.txt
479,7.022933,"D ' ailleurs ces voyageurs vulgaires eussent été moins intéressés que moi si devant eux on eût prononcé - - et malgré la notoriété acquise par certains - - les noms de ces fidèles que je m ' étonnais de voir continuer à dîner en ville , alors que plusieurs le faisaient déjà , d ' après les récits que j ' avais entendus , avant ma naissance , à une époque à la fois assez distante et assez vague pour que je fusse tenté de m ' en exagérer l ' éloignement .",23720,3sodome2.txt
480,7.024711,"Quand une dame noble d ' Avranches , laquelle n ' eût pas été capable de distinguer Mozart de Wagner , disait devant Madame de Cambremer : « Nous n ' avons pas eu de nouveauté intéressante pendant notre séjour à Paris , nous avons été une fois à l ' Opéra - Comique , on donnait _ Pelléas et Mélisande _ , c ' est affreux » , Mme de Cambremer non seulement bouillait mais éprouvait le besoin de s ' écrier : « Mais au contraire , c ' est un petit chef - d ' oeuvre » , et de « discuter » .",22898,3sodome1.txt
481,7.0256057,"A partir du moment où j ' avais perçu le grondement de mon nom , comme le bruit préalable d ' un cataclysme possible , je dus , pour plaider en tout cas ma bonne foi et comme si je n ' étais tourmenté d ' aucun doute , m ' avancer vers la princesse d ' un air résolu .",20193,3sodome1.txt
482,7.0266957,"Dans ces divers sommeils , comme en musique encore , c ' était l ' augmentation ou la diminution de l ' intervalle qui créait de la beauté .",29546,4laprison.txt
483,7.0275764,"Par moments , j ' entendais le bruit de l ' ascenseur qui montait , mais il était suivi d ' un second bruit , non celui que j ' espérais : l ' arrêt à mon étage , mais d ' un autre fort différent que l ' ascenseur faisait pour continuer sa route élancée vers les étages supérieurs et qui , parce qu ' il signifia si souvent la désertion du mien quand j ' attendais une visite , est resté pour moi plus tard , même quand je n ' en désirais plus aucune , un bruit par lui - même douloureux , où résonnait comme une sentence d ' abandon .",16445,2guermantes2.txt
484,7.0284705,J ' étais resté ravi de ne pas avoir à causer avec la fille de Françoise .,21595,3sodome1.txt
485,7.029232,"« Non décidément , me dit Albertine , je ne l ' aime pas ;",26222,3sodome2.txt
486,7.031268,"Mais ma tante savait bien que ce n ’ était pas pour rien qu ’ elle avait sonné Françoise , car , à Combray , une personne « qu ’ on ne connaissait point » était un être aussi peu croyable qu ’ un dieu de la mythologie , et de fait on ne se souvenait pas que , chaque fois que s ’ était produite , dans la rue de Saint - Esprit ou sur la place , une de ces apparitions stupéfiantes , des recherches bien conduites n ’ eussent pas fini par réduire le personnage fabuleux aux proportions d ’ une « personne qu ’ on connaissait » , soit personnellement , soit abstraitement , dans son état civil , en tant qu ’ ayant tel degré de parenté avec des gens de Combray .",693,0ducote.txt
487,7.033081,"À chacune de ces paroles , ma souffrance s ' accroissait d ' une souffrance nouvelle , changeant de forme .",31812,4laprison.txt
488,7.033084,"Dès ce premier jour , quand en entrant je pus voir le souvenir que je rapportais , je compris quel tour de muscade avait été parfaitement exécuté , et comment j ' avais causé un moment avec une personne qui , grâce à l ' habileté du prestidigitateur , sans avoir rien de celle que j ' avais suivie si longtemps au bord de la mer , lui avait été substituée .",10560,1ombre3.txt
489,7.037344,"Il est certain que ce récit du mécanicien , en m ' ôtant toute crainte qu ' Albertine m ' eût trompé , me refroidit tout naturellement à l ' égard de mon amie et me rendit moins intéressante la journée qu ' elle avait passée à Versailles .",29670,4laprison.txt
490,7.0387535,") « Même , je ne sais quelle idée baroque me prit de la mystifier , je lui répondis que oui . »",33031,4laprison.txt
491,7.0389094,"les syllabes du vers remplirent aussitôt la mesure d ' un alexandrin , ce qu ' il avait de trop se dégagea avec autant d ' aisance et de souplesse qu ' une bulle d ' air qui vient crever à la surface de l ' eau .",11977,2guermantes1.txt
492,7.040115,"Je compris alors qu ’ au contraire des regards passionnés du fils de M . de Vaugoubert , que j ’ avais pris pour le bonjour de quelqu ’ un qui se trompait , ce que j ’ avais pris chez Rachel pour un regard de désir n ’ était qu ’ une provocation contenue à se faire reconnaître et saluer par moi .",40626,6retrouve2.txt
493,7.0430675,"Saint - Loup souffrit horriblement de cette brouille , mais c ' est une manière de dire qui est trop simple , et fausse par là l ' idée qu ' on doit se faire de cette douleur .",13002,2guermantes1.txt
494,7.0432515,"Ce qu ' avait pu lui dire M . de Charlus , ce fut , en effet , la seule chose que je supposai .",26499,3sodome2.txt
495,7.0445642,"Bientôt leurs lignes et leurs surfaces ensoleillées , comme si elles avaient été une sorte d ’ écorce , se déchirèrent , un peu de ce qui m ’ était caché en elles m ’ apparut , j ’ eus une pensée qui n ’ existait pas pour moi l ’ instant avant , qui se formula en mots dans ma tête , et le plaisir que m ’ avait fait tout à l ’ heure éprouver leur vue s ’ en trouva tellement accru que , pris d ’ une sorte d ’ ivresse , je ne pus plus penser à autre chose .",2060,0ducote.txt
496,7.044591,Peut - être ne faisait - elle que répéter en style indirect les propos violents qu ’ elle avait entendus alors et dans lesquels une particulière énergie accentuait le mot « Boche » .,38904,6retrouve1.txt
497,7.0449605,"A partir de ce moment Brichot remplaça _ je _ par _ on _ , mais _ on _ n ’ empêchait pas le lecteur de voir que l ’ auteur parlait de lui et permit à l ’ auteur de ne plus cesser de parler de lui , de commenter la moindre de ses phrases , de faire un article sur une seule négation , toujours à l ’ abri de _ on _ .",38072,6retrouve1.txt
498,7.0466347,dis - je à Swann en parlant de Saint - Loup .,19511,2guermantes3.txt
499,7.047646,"Un matin même , j ' eus tout d ' un coup la brusque inquiétude qu ' elle était non pas seulement sortie , mais partie : je venais d ' entendre une porte qui me semblait bien la porte de sa chambre .",32928,4laprison.txt
500,7.054006,"Alors nous comprîmes que cette sorte de crainte où Françoise avait vécu des mauvaises paroles , des soupçons , des colères de ma tante avait développé chez elle un sentiment que nous avions pris pour de la haine et qui était de la vénération et de l ’ amour .",1789,0ducote.txt
501,7.056439,"Et , comme avec celle de me faire froid en ouvrant sa fenêtre à un moment mal choisi , la plus grande peur d ' Albertine était d ' entrer chez moi quand je sommeillais : « J ' espère que je n ' ai pas eu tort , ajouta - t - elle .",29442,4laprison.txt
502,7.056654,"Il est vrai que Robert de Saint - Loup me dit que c ' est une peste , mais . . . .",15171,2guermantes2.txt
503,7.0577292,"Mais pendant plusieurs heures ma colère ne put s ' apaiser , tandis que mon désir de Mlle d ' Éporcheville avait été centuplé par l ' obstacle qu ' on avait mis entre nous , par la crainte que j ' avais eue un instant que ces heures , auxquelles je souriais d ' avance sans trêve , de ma visite chez Mme de Guermantes , comme un bien certain que nul ne pourrait m ' enlever , n ' eussent pas lieu .",35388,5disparue2.txt
504,7.059283,"En poussant la bonne volonté jusqu ' à ses extrêmes limites , on eût pu croire que , distraite , elle entendait seulement « Madame » et que l ' appendice verbal qui y était ajouté n ' était pas perçu .",17536,2guermantes3.txt
505,7.062478,"Moi seul j ' ai gardé un silence aussi profond que si j ' eusse absorbé , au lieu du repas , d ' ailleurs médiocre , qu ' on nous servait , des pavots , chers au bienheureux frère de Tanathos et de Léthé , le divin Hypnos , qui enveloppe de doux liens le corps et la langue .",27531,3sodome2.txt
506,7.062676,J ' arrivai à ce moment - là .,20557,3sodome1.txt
507,7.0648117,"Les paroles d ' Albertine , quand j ' y songeais , y faisaient succéder une colère folle .",32726,4laprison.txt
508,7.06596,"Malheureusement pour moi , quand Albertine émettait une affirmation de ce genre , ce n ' était jamais que le premier stade d ' affirmations différentes .",29804,4laprison.txt
509,7.066127,"L ' atmosphère n ' y était plus la même que dans la sonate , les phrases interrogatives s ' y faisaient plus pressantes , plus inquiètes , les réponses plus mystérieuses ;",31281,4laprison.txt
510,7.066951,"De même que le volume de cet Ange musicien était constitué par les trajets multiples entre les différents points du passé que son souvenir occupait en moi , et ses différents sièges , depuis la vue , jusqu ' aux sensations les plus intérieures de mon être , qui m ' aidaient à descendre dans l ' intimité du sien , la musique qu ' elle jouait avait aussi un volume , produit par la visibilité inégale des différentes phrases , selon que j ' avais plus ou moins réussi à y mettre de la lumière et à rejoindre les unes aux autres les lignes d ' une construction qui m ' avait d ' abord paru presque tout entière noyée dans le brouillard .",32989,4laprison.txt
511,7.068143,"Nous fûmes rejoints par Octave qui ne fit pas de difficulté pour dire à Andrée le nombre de points qu ' il avait faits la veille au golf , puis par Albertine qui se promenait en manoeuvrant son diabolo comme une religieuse son chapelet .",11341,1ombre3.txt
512,7.07054,"La littérature étant , hors quelques fables de La Fontaine , étrangère au marquis , il laissait à sa femme le soin d ' établir que la littérature cruellement observatrice , en créant l ' irrespect , avait procédé à un chambardement parallèle .",31019,4laprison.txt
513,7.073531,"D ' ailleurs , peut - être même ces mêmes jeunes filles , si elles avaient pu la voir ailleurs , n ' auraient pas tant torturé mon coeur .",27792,3sodome2.txt
514,7.0740104,"Mais je sais que pour ma part , bien qu ' ayant toujours conclu au contraire , j ' avais tellement l ' impression qu ' Andrée cherchait à faire donner sur les doigts à Albertine que mon amie me devenait aussitôt sympathique et que ma colère tombait .",29221,4laprison.txt
515,7.074697,"Elle était pour moi comme un fils dont la mère mourante doit encore s ’ imposer la fatigue de s ’ occuper sans cesse , entre les piqûres et les ventouses .",41174,6retrouve2.txt
516,7.0775647,Les coups que nous destinions au mal qui s ' était installé en grand ' mère portaient toujours à faux ;,16006,2guermantes2.txt
517,7.0783715,"Et enfin , ces changements de temps , ces jours différents , s ' ils me rendaient chacun une autre Albertine , ce n ' était pas seulement par l ' évocation des moments semblables .",34478,5disparue1.txt
518,7.078443,"Et même les soirs où quelque changement dans l ' atmosphère ou dans ma propre santé amenait dans ma conscience quelque rouleau oublié sur lequel étaient inscrites des impressions d ' autrefois , au lieu de profiter des forces de renouvellement qui venaient de naître en moi , au lieu de les employer à déchiffrer en moi - même des pensées qui d ' habitude m ' échappaient , au lieu de me mettre enfin au travail , je préférais parler tout haut , penser d ' une manière mouvementée , extérieure , qui n ' était qu ' un discours et une gesticulation inutiles , tout un roman purement d ' aventures , stérile et sans vérité , où la duchesse , tombée dans la misère , venait m ' implorer , moi qui étais devenu par suite de circonstances inverses riche et puissant .",12264,2guermantes1.txt
519,7.078444,"Celle - ci , sans proférer aucune plainte , ayant même l ' air d ' étouffer de son mieux une toux irrésistible , et croisant seulement sur elle son châle comme si elle avait froid , commença par me raconter tout ce qu ' elle avait dit à Albertine , n ' ayant pas manqué de lui demander des nouvelles de sa tante .",21718,3sodome1.txt
520,7.0788774,"Par la contradiction même qu ' elle impliquait , une telle supposition était absurde .",34754,5disparue1.txt
521,7.0827847,"Certains beaux jours , il faisait si froid , on était en si large communication avec la rue qu ' il semblait qu ' on eût disjoint les murs de la maison et , chaque fois que passait le tramway , son timbre résonnait comme eût fait un couteau d ' argent frappant une maison de verre .",28186,4laprison.txt
522,7.0835004,Albertine continuait de dormir .,29365,4laprison.txt
523,7.0837684,"Cette deuxième hypothèse n ' était pas celle de l ' intelligence et la peur panique que j ' avais eue le soir où Albertine ne m ' avait pas embrassé , la nuit où j ' avais entendu le bruit de la fenêtre , cette peur n ' était pas raisonnée .",33587,5disparue1.txt
524,7.084413,"Je lui rappelai la soirée , que je n ’ avais sue , il est vrai , que par ouï - dire , où princesse des Laumes , elle avait retrouvé Swann .",40942,6retrouve2.txt
525,7.0844245,Albertine avait sonné de toutes ses forces .,11413,1ombre3.txt
526,7.0846243,"Ces images irréelles , fixes , toujours pareilles , remplissant mes nuits et mes jours , différencièrent cette époque de ma vie de celles qui l ’ avaient précédée ( et qui auraient pu se confondre avec elle aux yeux d ’ un observateur qui ne voit les choses que du dehors , c ’ est - à - dire qui ne voit rien ) , comme dans un opéra un motif mélodique introduit une nouveauté qu ’ on ne pourrait pas soupçonner si on ne faisait que lire le livret , moins encore si on restait en dehors du théâtre à compter seulement les quarts d ’ heure qui s ’ écoulent .",4736,0ducote.txt
527,7.090132,Il était surpris plus tard de cette contradiction .,40909,6retrouve2.txt
528,7.0912085,- - Mais je ne l ' ai jamais fait avec Albertine .,35201,5disparue1.txt
529,7.0916014,"Comme la mémoire a choisi telle particularité qui nous a frappé , l ' a isolée , l ' a exagérée , faisant d ' une femme qui nous a paru grande une étude où la longueur de sa taille est démesurée , ou d ' une femme qui nous a semblé rose et blonde une pure « Harmonie en rose et or » , au moment où de nouveau cette femme est près de nous , toutes les autres qualités oubliées qui font équilibre à celle - là nous assaillent , dans leur complexité confuse , diminuant la hauteur , noyant le rose , et substituant à ce que nous sommes venus exclusivement chercher d ' autres particularités que nous nous rappelons avoir remarquées la première fois et dont nous ne comprenons pas que nous ayons pu si peu nous attendre à les revoir .",11160,1ombre3.txt
530,7.0921254,"Était - ce parce que nous jouions ( figurée par la révolution d ' un solide ) la scène inverse de celle de Balbec , que j ' étais , moi , couché , et elle levée , capable d ' esquiver une attaque brutale et de diriger le plaisir à sa guise , qu ' elle me laissa prendre avec tant de facilité maintenant ce qu ' elle avait refusé jadis avec une mine si sévère ?",16632,2guermantes2.txt
531,7.093469,"qu ' à la porte de l ' appartement où vivait un tel être , je ne pouvais sonner sans être saisi d ' un trouble et d ' un effroi infinis ;",20999,3sodome1.txt
532,7.0950894,"Aussi ces expressions font - elles que les personnes qui les emploient m ' ennuient immédiatement comme déjà connues , mais aussi passent pour supérieures , et me furent souvent offertes comme voisines délicieuses et inappréciées .",24602,3sodome2.txt
533,7.095451,"Il en est ainsi pour tous les grands écrivains , la beauté de leurs phrases est imprévisible , comme est celle d ' une femme qu ' on ne connaît pas encore ;",6685,1ombre1.txt
534,7.096571,"et ils s ’ étaient jetés si rudement au - devant d ’ elle , qu ’ on n ’ eut que le temps d ’ arrêter pour ne pas se heurter au porche .",2068,0ducote.txt
535,7.0974255,"Un tel souvenir , comme un coup de baguette , m ' avait de nouveau rendu l ' âme que j ' étais en train de perdre depuis quelque temps ;",22421,3sodome1.txt
536,7.09798,"Malheureusement , ce mécontentement que me causaient le projet de séance photographique et surtout la satisfaction que ma grand ' mère paraissait en ressentir , je le laissai suffisamment apercevoir pour que Françoise le remarquât et s ' empressât involontairement de l ' accroître en me tenant un discours sentimental et attendri auquel je ne voulus pas avoir l ' air d ' adhérer .",9554,1ombre3.txt
537,7.098819,"j ' essayais de me rappeler si elle avait dit ceci ou cela , de quel air , à quel moment , en réponse de quelle parole , de reconstituer toute la scène de son dialogue avec moi , à quel moment elle avait voulu aller chez les Verdurin , quel mot de moi avait donné à son visage l ' air fâché .",29099,4laprison.txt
538,7.101376,"plutôt , on l ’ appelle son charme à elle ;",1828,0ducote.txt
539,7.1032157,"Ils causèrent un instant ensemble et sans doute de moi , car tandis que Saint - Loup se rapprochait de sa mère , Mme de Guermantes se tourna vers moi .",14919,2guermantes2.txt
540,7.1040735,"Et la tristesse , morne comme un déménagement , amère comme une jalousie , que me causèrent par la brusquerie , par l ' accident de leur choc , ces deux mariages , fut si profonde , que plus tard on me la rappela , en m ' en faisant absurdement gloire , comme ayant été tout le contraire de ce qu ' elle fut au moment même , un double et même triple et quadruple pressentiment .",36636,5disparue2.txt
541,7.104721,"si elle ne faisait rien de mal à ce moment - là , comment Forcheville pourrait - il même s ’ expliquer qu ’ elle eût pu ne pas ouvrir ?",3344,0ducote.txt
542,7.1050844,"quand , au moment de me quitter , elle s ' approchait pour me dire bonsoir , c ' était leur douceur devenue quasi familiale que je baisais des deux côtés de son cou puissant qu ' alors je ne trouvais jamais assez brun ni d ' assez gros grains , comme si ces solides qualités eussent été en rapport avec quelque bonté loyale chez Albertine .",28864,4laprison.txt
543,7.1056576,"Sans mettre ouvertement en doute la tendresse de maman qui continuait à m ' y envoyer , certaines de ses amies déploraient du moins son aveuglement .",5932,1ombre1.txt
544,7.1067996,"Françoise sortie de la chambre , je pensai que , si c ' était pour en arriver maintenant à avoir de la coquetterie à l ' égard d ' Albertine , il était bien fâcheux que je me fusse montré tant de fois à elle si mal rasé , avec une barbe de plusieurs jours , les soirs où je la laissais venir pour recommencer nos caresses .",21640,3sodome1.txt
545,7.1083894,Du reste je n ' ai pas eu besoin de l ' entendre .,14535,2guermantes2.txt
546,7.10945,ils étaient le contraire de ma pensée ;,14520,2guermantes2.txt
547,7.1094685,"Sans remonter même si loin , tout près de nous , pas plus tard qu ' il y a six mois , tu te rappelles , le mariage de l ' ami de Robert avec cette jeune fille dont la seule raison sociale était qu ' on la supposait à tort ou à raison fille naturelle d ' un prince souverain . »",36537,5disparue2.txt
548,7.1100974,"Et , plus débile encore dans le silence de la grève , sur laquelle la mer montait , et comme une voix qui aurait traduit et accru le vague énervant de cette heure inquiète et fausse , un petit orgue de Barbarie arrêté devant l ' hôtel jouait des valses viennoises .",22449,3sodome1.txt
549,7.1106277,"Albertine , même dans l ' ordre des choses bêtes , s ' exprimait tout autrement que la petite fille qu ' elle était il y avait seulement quelques aimées à Balbec .",28061,4laprison.txt
550,7.1108217,"il se penchait sur sa contre - basse , la palpait avec la même patience domestique que s ' il eût épluché un chou , tandis que près de lui la harpiste ( encore enfant ) en jupe courte , dépassée de tous côtés par les rayons du quadrilatère d ' or pareil à ceux qui , dans la chambre magique d ' une sybille , figureraient arbitrairement l ' éther selon les formes consacrées , semblait aller y chercher , çà et là , au point exigé , un son délicieux , de la même manière que , petite déesse allégorique , dressée devant le treillage d ' or de la voûte céleste , elle y aurait cueilli une à une , des étoiles .",31227,4laprison.txt
551,7.111053,"madame est pire que les rayons X ( elle disait x avec une difficulté affectée et un sourire pour se railler elle - même , ignorante , d ’ employer ce terme savant ) , qu ’ on a fait venir pour Mme Octave et qui voient ce que vous avez dans le cœur » , et disparaissait , confuse qu ’ on s ’ occupât d ’ elle , peut - être pour qu ’ on ne la vît pas pleurer ;",625,0ducote.txt
552,7.111714,"Mais quelques jours après , j ' eus la preuve des goûts de cette jeune femme et aussi de la probabilité qu ' elle avait connu Albertine autrefois .",23500,3sodome1.txt
553,7.114501,J ' en poussais encore quand je redevenais pour un moment l ' ancien ami d ' Albertine .,35799,5disparue2.txt
554,7.1162906,"Peut - être est - ce parce qu ’ il ne savait pas la musique qu ’ il avait pu éprouver une impression aussi confuse , une de ces impressions qui sont peut - être pourtant les seules purement musicales , inattendues , entièrement originales , irréductibles à tout autre ordre d ’ impressions .",2388,0ducote.txt
555,7.1162972,- - Il a entendu causer .,14054,2guermantes2.txt
556,7.11681,"Elle ne me donna à vrai dire rien de tout cela , et comme si au lieu de danser le boston elle avait plutôt écouté un sacro - saint quatuor de Beethoven dont elle eût craint de troubler les sublimes accents , elle arrêta là la conversation , ou plutôt ne la commença pas et , radieuse encore de m ' avoir vu entrer , me fit part seulement de l ' endroit où se trouvait le prince .",20201,3sodome1.txt
557,7.1176333,"Il m ' arriva un de ces soirs - là de vouloir raconter une histoire assez comique sur Mme Blandais , mais je m ' arrêtai immédiatement car je me rappelai que Saint - Loup la connaissait déjà et qu ' ayant voulu la lui dire le lendemain de mon arrivée , il m ' avait interrompu en me disant : « Vous me l ' avez déjà racontée à Balbec . »",12761,2guermantes1.txt
558,7.118827,"Mais en revanche je me précipitai quand , pour que ma grand ' mère vît si elle se trouvait bien coiffée , Françoise , innocemment féroce , approcha une glace .",16197,2guermantes2.txt
559,7.1224523,Nous passions devant Marcouville l ' Orgueilleuse .,26207,3sodome2.txt
560,7.123706,"Si encore elle avait pu le revoir , mais il vaut peut - être mieux qu ’ elle n ’ ait pas pu , parce qu ’ il avait le nez coupé en deux , il était tout dévisagé . »",38953,6retrouve1.txt
561,7.124095,"Les dix autres n ' étaient que des ébauches , dans mon sommeil qui durait encore , du coup de sonnette que je voulais .",25751,3sodome2.txt
562,7.1246376,je n ' avais parlé de lui à personne .,19070,2guermantes3.txt
563,7.1254454,Nos fiançailles avaient pris une allure de procès et donnaient à Albertine la timidité d ' une coupable .,32372,4laprison.txt
564,7.1260104,"et si elle ajoutait : « Elle était tout de même de la parentèse , il reste toujours le respect qu ’ on doit à la parentèse » , je haussais les épaules et je me disais : « Je suis bien bon de discuter avec une illettrée qui fait des cuirs pareils » , adoptant ainsi pour juger Françoise le point de vue mesquin d ’ hommes dont ceux qui les méprisent le plus dans l ’ impartialité de la méditation , sont fort capables de tenir le rôle quand ils jouent une des scènes vulgaires de la vie .",1797,0ducote.txt
565,7.126977,"Le lendemain du jour où j ’ avais reçu cette lettre , c ’ est - à - dire l ’ avant - veille de celui où , cheminant dans l ’ obscurité , j ’ entendais sonner le bruit de mes pas , tout en remâchant tous ces souvenirs , Saint - Loup venu du front , sur le point d ’ y retourner , m ’ avait fait une visite de quelques secondes seulement , dont l ’ annonce seule m ’ avait violemment ému .",37632,6retrouve1.txt
566,7.1272106,"La branche de seringa me rendait mortellement triste , et aussi qu ' Albertine m ' eût cru , m ' eût dit fourbe et la détestant ;",36000,5disparue2.txt
567,7.128196,"Puis c ’ était une autre histoire : « Un jour j ’ étais dans les Champs - Élysées , M . de Bréauté , que je n ’ avais vu qu ’ une fois , se mit à me regarder avec une telle insistance que je m ’ arrêtai et lui demandai pourquoi il se permettait de me regarder comme ça .",40887,6retrouve2.txt
568,7.128773,"tout cela éparpillait , faisait chanter devant lui comme autant de touches sonores qui éveillaient dans son cœur des ressemblances aimées , des réminiscences confuses qui , à même le salon tout actuel qu ' elles marquetaient çà et là , découpaient , délimitaient , comme fait par un beau jour un cadre de soleil sectionnant l ' atmosphère , les meubles et les tapis , et la poursuivant d ' un coussin à un porte - bouquets , d ' un tabouret au relent d ' un parfum , d ' un mode d ' éclairage à une prédominance de couleurs , sculptaient , évoquaient , spiritualisaient , faisaient vivre une forme qui était comme la figure idéale , immanente à leurs logis successifs , du salon des Verdurin .",31682,4laprison.txt
569,7.1290073,"Je m ’ aperçus peu à peu que la douceur , la componction , les vertus de Françoise cachaient des tragédies d ’ arrière - cuisine , comme l ’ histoire découvre que les règnes des Rois et des Reines , qui sont représentés les mains jointes dans les vitraux des églises , furent marqués d ’ incidents sanglants .",1464,0ducote.txt
570,7.1293273,Une fois pourtant j ' interrompis ma garde .,27502,3sodome2.txt
571,7.12998,"une autre fois , ne l ' ayant pas rencontrée et entendant sonner midi , je comprenais que ce n ' était plus la peine de rester à attendre , je reprenais tristement le chemin de la maison ;",12202,2guermantes1.txt
572,7.130379,"Maintenant , au contraire , c ' était ce dernier sentiment qui presque autant que la crainte rendait ma souffrance intolérable .",7176,1ombre1.txt
573,7.1318355,"- - « Mais pourquoi veux - tu que ça l ’ ennuie , dit M . Verdurin , M . Swann ne connaît peut - être pas la sonate en fa dièse que nous avons découverte , il va nous jouer l ’ arrangement pour piano . »",2332,0ducote.txt
574,7.1334023,"il est vrai que je n ' avais justement pas nommé les Verdurin ) : « Devinez d ' où je viens : de chez les Verdurin » , j ' avais à peine eu le temps de prononcer ces mots qu ' Albertine , la figure bouleversée , m ' avait répondu par ceux - ci qui semblèrent exploser d ' eux - mêmes avec une force qu ' elle ne put contenir : « Je m ' en doutais . »",32395,4laprison.txt
575,7.1340127,"Aucun rapport , bien entendu , avec Morel , le violoniste , ajouta - t - elle en rougissant .",27416,3sodome2.txt
576,7.1352353,Malheureusement leur expression n ' est pas contagieuse .,30297,4laprison.txt
577,7.135834,"Ce sont les vices ( ou seulement les faiblesses et les ridicules ) du milieu où ils vivaient , les propos inconséquents , la vie frivole et choquante de leur fille , les trahisons de leur femme ou leurs propres fautes , que les écrivains ont le plus souvent flétries dans leurs diatribes sans changer pour cela le train de leur ménage ou le mauvais ton qui règne dans leur foyer .",6751,1ombre1.txt
578,7.1361914,"d ' abord parce qu ' Andrée , si affectueuse et coquette avec bien des jeunes gens à Balbec , n ' aurait donné lieu pour personne à la supposition d ' habitudes qu ' elle ne niait nullement , de sorte que par voie d ' analogie , en découvrant cette Andrée nouvelle , je pouvais penser qu ' Albertine les eût confessées avec la même facilité à tout autre qu ' à moi qu ' elle sentait jaloux .",35189,5disparue1.txt
579,7.136486,"Elles contrariaient de leurs hésitations , de leur trajet en sens inverse , et estompaient de leur molle vapeur la rectitude et la tension de cette tige , portant au - dessus de soi un nuage oblong fait de mille gouttelettes , mais en apparence peint en brun doré et immuable , qui montait , infrangible , immobile , élancé et rapide , s ' ajouter aux nuages du ciel .",20454,3sodome1.txt
580,7.1367364,"le mien y réussit cependant , mais après une seconde de surprise qui je crois n ' échappa pas à Albertine .",10575,1ombre3.txt
581,7.1392503,"ils me réapparaissaient comme des êtres issus de la fécondation de cet air aigre et vertueux de cette sombre ville de Combray où s ’ était passée mon enfance et du passé qu ’ on y apercevait dans la petite rue , à la hauteur du vitrail .",39038,6retrouve1.txt
582,7.139872,"- - Mais oui , un très long moment qui m ’ a semblé très court , long seulement parce que je ne vous voyais pas .",3955,0ducote.txt
583,7.1401033,"Quand il parlait de cauchemars , autrefois il entendait des choses désagréables qui se passaient dans son cerveau .",30348,4laprison.txt
584,7.1413713,"- - à ma façon , plus absolue encore que celle de la Berma , de ne considérer dès cet instant , salle , public , acteurs , pièce , et mon propre corps que comme un milieu acoustique n ' ayant d ' importance que dans la mesure où il était favorable aux inflexions de cette voix , je compris que les deux actrices que j ' admirais depuis quelques minutes n ' avaient aucune ressemblance avec celle que j ' étais venu entendre .",5311,1ombre1.txt
585,7.1421275,"Dans le cas particulier , l ’ article du code à cause duquel il était peu probable que sauf le cas d ’ incendie Françoise allât déranger maman en présence de M . Swann pour un aussi petit personnage que moi , exprimait simplement le respect qu ’ elle professait non seulement pour les parents , - - comme pour les morts , les prêtres et les rois , - - mais encore pour l ’ étranger à qui on donne l ’ hospitalité , respect qui m ’ aurait peut - être touché dans un livre mais qui m ’ irritait toujours dans sa bouche , à cause du ton grave et attendri qu ’ elle prenait pour en parler , et davantage ce soir où le caractère sacré qu ’ elle conférait au dîner avait pour effet qu ’ elle refuserait d ’ en troubler la cérémonie .",313,0ducote.txt
586,7.1445017,"Je trouvais la mimique , d ' abord incompréhensible pour moi , de Jupien et de M . de Charlus aussi curieuse que ces gestes tentateurs adressés aux insectes , selon Darwin , non seulement par les fleurs dites composées , haussant les demi - fleurons de leurs capitules pour être vues de plus loin , comme certaine hétérostylée qui retourne ses étamines et les courbe pour frayer le chemin aux insectes , ou qui leur offre une ablution , et tout simplement même aux parfums de nectar , à l ' éclat des corolles qui attiraient en ce moment des insectes dans la cour .",20089,3sodome1.txt
587,7.1447754,"La lumière tombait si implacable du ciel devenu fixe que l ’ on aurait voulu se soustraire à son attention , et l ’ eau dormante elle - même , dont des insectes irritaient perpétuellement le sommeil , rêvant sans doute de quelque Maelstrôm imaginaire , augmentait le trouble où m ’ avait jeté la vue du flotteur de liège en semblant l ’ entraîner à toute vitesse sur les étendues silencieuses du ciel reflété ;",1627,0ducote.txt
588,7.1450615,"En réalité , mon chagrin n ' avait commencé qu ' à Parville , et la nervosité , bien différente mais qu ' heureusement Albertine confondait avec lui , venait de l ' ennui de vivre encore quelques jours avec elle .",27760,3sodome2.txt
589,7.1452107,"Swann une fois prononcé son nom devant moi , j ' avais entièrement oublié à quel propos ;",9962,1ombre3.txt
590,7.1453257,"Or , il était malheureusement certain qu ’ il y en avait quelques - unes .",38047,6retrouve1.txt
591,7.1461105,"Comme tout le monde ne savait pas la grande naissance de la mère de Mme Féré , et le cercle extraordinairement fermé qu ' elle et son mari fréquentaient , quand on venait de les nommer , pour expliquer on ajoutait toujours que c ' était des gens « tout ce qu ' il y a de mieux » .",27368,3sodome2.txt
592,7.146436,"Quant à ma ruine relative , j ' en étais d ' autant plus ennuyé que mes curiosités vénitiennes s ' étaient concentrées depuis peu sur une jeune marchande de verrerie à la carnation de fleur qui fournissait aux yeux ravis toute une gamme de tons orangés et me donnait un tel désir de la revoir chaque jour que , sentant que nous quitterions bientôt Venise , ma mère et moi , j ' étais résolu à tâcher de lui faire à Paris une situation quelconque qui me permît de ne pas me séparer d ' elle .",36342,5disparue2.txt
593,7.147901,"Détachée des violences qu ' elle avait ornées si souvent , ce n ' était plus qu ' une éloquence quasi mystique qu ' embellissaient des paroles de douceur , des paroles de l ' Évangile , une apparente résignation à la mort .",32242,4laprison.txt
594,7.1482325,Mais Albertine avait aussitôt détourné vers moi ses regards restés pourtant singulièrement immobiles et rêveurs .,22751,3sodome1.txt
595,7.150896,"La musique , bien différente en cela de la société d ' Albertine , m ' aidait à descendre en moi - même , à y découvrir du nouveau : la diversité que j ' avais en vain cherchée dans la vie , dans le voyage , dont pourtant la nostalgie m ' était donnée par ce flot sonore qui faisait mourir à côté de moi ses vagues ensoleillées .",30014,4laprison.txt
596,7.152354,Je sais que je prononçai alors le mot mort comme si Albertine allait mourir .,33329,4laprison.txt
597,7.152935,Or jamais je n ' avais repensé à ce neveu « qui avait peut - être été le déniaiseur grâce auquel j ' avais été embrassé la première fois par elle .,36098,5disparue2.txt
598,7.1556115,"C ' était Albertine maintenant qui , peut - être un peu parce que Saint - Loup , par bonté pour moi , avait été si froid avec elle , me dit ce que j ' avais pensé autrefois : « Ah ! il est si dévoué que cela !",23704,3sodome1.txt
599,7.157209,"Il y avait dans les premiers des fadeurs de crème et dans les secondes des fraîcheurs de fruits qui en savaient long sur Combray , sur Gilberte , non seulement la Gilberte de Combray mais celle de Paris aux goûters de qui je les avais retrouvés .",10990,1ombre3.txt
600,7.1576533,"La certitude de la présentation à ces jeunes filles avait eu pour résultat , non seulement de me faire à leur égard , jouer , mais éprouver , l ' indifférence .",10321,1ombre3.txt
601,7.158468,"Certains avaient remué mon âme tout entière quand Albertine m ' avait parlé à Balbec de Mlle Vinteuil , mais ils étaient maintenant arrêtés .",28111,4laprison.txt
602,7.159583,"Mais je sais « poilu » déjà prêt pour de grands poètes , comme les mots déluge , ou Christ , ou barbares qui étaient déjà pétris de grandeur avant que s ’ en fussent servis Hugo , Vigny , ou les autres .",37595,6retrouve1.txt
603,7.161666,"Pendant ce temps - là j ' entendais Françoise qui , indignée qu ' on l ' eût chassée de ma chambre où elle considérait qu ' elle avait ses grandes entrées , grommelait : « Si c ' est pas malheureux , un enfant qu ' on a vu naître .",35411,5disparue2.txt
604,7.1631546,"Il y a dans ses livres telles terminaisons de phrases où l ' accumulation des sonorités qui se prolongent , comme aux derniers accords d ' une ouverture d ' Opéra qui ne peut pas finir et redit plusieurs fois sa suprême cadence avant que le chef d ' orchestre pose son bâton , dans lesquelles je retrouvai plus tard un équivalent musical de ces cuivres phonétiques de la famille Bergotte .",6710,1ombre1.txt
605,7.164107,"Chaque fois que ma grand ' mère remarquait un livre que Mme de Villeparisis lisait ou disait avoir trouvé beaux des fruits que celle - ci avait reçus d ' une amie , une heure après un valet de chambre montait nous remettre livre ou fruits .",8402,1ombre2.txt
606,7.1643124,"Quant à Albertine , je la voyais rarement , et seulement les soirs , fort espacés , où je ne pouvais me passer d ' elle .",22494,3sodome1.txt
607,7.164927,"Je rejoignis Andrée , recommençai à lui faire des éloges d ' Albertine .",11246,1ombre3.txt
608,7.168073,"Je l ' écoutais comme j ' aurais lu _ Phèdre _ , ou comme si Phèdre , elle - même avait dit en ce moment les choses que j ' entendais , sans que le talent de la Berma semblât leur avoir rien ajouté .",5315,1ombre1.txt
609,7.169289,"Nous l ' avons très bien connu , je me le rappelle _ très bien _ . »",35581,5disparue2.txt
610,7.170274,"Mais maintenant , tout ce que j ' avais dédaigné , écarté de ma vue , non seulement les effets de soleil , mais même les régates , les courses de chevaux , je l ' eusse recherché avec passion pour la même raison qu ' autrefois je n ' aurais voulu que des mers tempétueuses , et qui était qu ' elles se rattachaient , les unes comme autrefois les autres , à une idée esthétique .",10900,1ombre3.txt
611,7.1716347,"Elles venaient souvent , le matin , me voir quand j ' étais encore couché .",23392,3sodome1.txt
612,7.172604,"J ' aurais voulu , pour que ma grand ' mère s ' endormît , que Françoise restât sans bouger .",16134,2guermantes2.txt
613,7.1731024,"Chaque nom déplacé par l ' attirance d ' un autre avec lequel je ne lui avais soupçonné aucune affinité , quittait la place immuable qu ' il occupait dans mon cerveau , où l ' habitude l ' avait terni , et , allant rejoindre les Mortemart , les Stuarts ou les Bourbons , dessinait avec eux des rameaux du plus gracieux effet et d ' un coloris changeant .",18903,2guermantes3.txt
614,7.1734767,"Et il me serait désagréable de vous répéter tout ce qu ' il a dit sur votre famille » , dit Mme Verdurin qui eût été bien embarrassée de le faire .",32128,4laprison.txt
615,7.1735945,Heureusement que je n ' avais pas cédé à la tentation de rompre encore avec Albertine ;,31243,4laprison.txt
616,7.174658,"Qui était l ' amie , où Aimé l ' avait - il rencontrée , cette odieuse Albertine ?",28958,4laprison.txt
617,7.175729,"Elle m ' aperçut comme j ' étais à quelques pas d ' elle et , ce qui ne me laissa plus douter que j ' avais été victime d ' une machination , au lieu de rester assise comme pour les autres invités , elle se leva , vint à moi .",20194,3sodome1.txt
618,7.176401,"Divisant la hauteur d ’ un arbre incertain , un invisible oiseau s ’ ingéniait à faire trouver la journée courte , explorait d ’ une note prolongée , la solitude environnante , mais il recevait d ’ elle une réplique si unanime , un choc en retour si redoublé de silence et d ’ immobilité qu ’ on aurait dit qu ’ il venait d ’ arrêter pour toujours l ’ instant qu ’ il avait cherché à faire passer plus vite .",1626,0ducote.txt
619,7.177566,"Mais elle y détonnait , y étonnait et surtout rendait intelligibles à des gens qui se retournaient des propos qui eussent pu nous faire prendre pour des défaitistes .",38181,6retrouve1.txt
620,7.1780233,"nous l ' avons lue , dévorée , dans l ' angoisse affreuse dont nous étreignait un malheur inattendu .",7735,1ombre2.txt
621,7.18079,"Maintenant , à toutes les paroles de Swann elle répondait d ’ un ton parfois irrité , parfois indulgent : - - « Ah ! tu ne seras donc jamais comme tout le monde ! »",3802,0ducote.txt
622,7.1810927,"Ce n ' est pas seulement du changement des paroles elles - mêmes , si différentes de celles qu ' il se permettait autrefois , qu ' il serait curieux de chercher l ' explication , mais encore de celui survenu dans les intonations , les gestes , qui les uns et les autres ressemblaient singulièrement maintenant à ce que M . de Charlus flétrissait le plus âprement autrefois ;",30685,4laprison.txt
623,7.183513,"Elle tient à notre cœur encore , mais bien peu ;",30138,4laprison.txt
624,7.184746,Je sentais que cela allait se gâter et je me remis précipitamment à parler robes .,28379,4laprison.txt
625,7.186995,Et pourtant ces deux reliquats de mon amour ne suivirent pas dans leur décroissance une marche également rapide .,35028,5disparue1.txt
626,7.189028,"j ' étais entouré par la calmante activité de tous ces mouvements du train qui me tenaient compagnie , s ' offraient à causer avec moi si je ne trouvais pas le sommeil , me berçaient de leurs bruits que j ' accouplais comme le son des cloches à Combray tantôt sur un rythme , tantôt sur un autre ( entendant selon ma fantaisie d ' abord quatre doubles croches égales , puis une double croche furieusement précipitée contre une noire ) ;",8009,1ombre2.txt
627,7.1895795,Brichot convint de son erreur .,24163,3sodome2.txt
628,7.190009,"Mais c ' est à cause de cela même que je pensais tout le temps à ces sorties , ce qui me faisait trouver à chaque instant une raison nouvelle de les faire , laquelle n ' avait aucun rapport avec Mme de Guermantes et me persuadait aisément que , n ' eût - elle pas existé , je n ' en eusse pas moins manqué de me promener à cette même heure .",13300,2guermantes1.txt
629,7.190254,"Mon esclavage , encore perçu par moi , quand en donnant au cocher l ' adresse de Brichot , j ' avais vu la lumière de la fenêtre , avait cessé de me peser peu après , quand j ' avais vu qu ' Albertine avait l ' air de sentir si cruellement le sien .",32670,4laprison.txt
630,7.1933656,"C ' est surtout que ( comme la tension plus grande d ' une corde ou la vibration plus rapide d ' un nerf produit une sonorité ou une couleur différente ) il donnait une autre tonalité à ce que je voyais , il m ' introduisait comme acteur dans un univers inconnu et infiniment plus intéressant ;",8046,1ombre2.txt
631,7.193966,"Une oeuvre est rarement tout à fait comprise et victorieuse , sans que celle d ' un autre écrivain , obscure encore , n ' ait commencé , auprès de quelques esprits plus difficiles , de substituer un nouveau culte à celui qui a presque fini de s ' imposer .",16076,2guermantes2.txt
632,7.1945996,"De grilles fort éloignées les unes des autres , des chiens réveillés par nos pas solitaires faisaient alterner des aboiements comme il m ’ arrive encore quelquefois d ’ en entendre le soir , et entre lesquels dut venir ( quand sur son emplacement on créa le jardin public de Combray ) se réfugier le boulevard de la gare , car , où que je me trouve , dès qu ’ ils commencent à retentir et à se répondre , je l ’ aperçois , avec ses tilleuls et son trottoir éclairé par la lune .",1384,0ducote.txt
633,7.196116,"Cette attention d ' ailleurs , qui m ' eût semblé criminelle de la part d ' Albertine ( et tout autant si elle avait eu pour objet des jeunes gens ) , je l ' attachais , sans me croire un instant coupable et en trouvant presque qu ' Albertine l ' était en m ' empêchant , par sa présence , de m ' arrêter et de descendre vers elles , sur toutes les midinettes .",30153,4laprison.txt
634,7.1966257,"D ’ abord il ne put rien lire , mais l ’ enveloppe était mince , et en la faisant adhérer à la carte dure qui y était incluse , il put à travers sa transparence , lire les derniers mots .",3329,0ducote.txt
635,7.198779,"mais tout autour de moi , ce charme , dans mon souvenir , je le perçois encore .",6517,1ombre1.txt
636,7.1999807,"Ce qui me donnait une apparence raisonnable et me permettait de ne pas laisser apercevoir les conversations bizarres qui m ' avaient interminablement bercé , les jours où ce n ' était pas une montagne de néant qui m ' avait retiré la vie .",29500,4laprison.txt
637,7.200166,"Et aussitôt je l ’ aimai , car s ’ il peut quelquefois suffire pour que nous aimions une femme qu ’ elle nous regarde avec mépris comme j ’ avais cru qu ’ avait fait Mlle Swann et que nous pensions qu ’ elle ne pourra jamais nous appartenir , quelquefois aussi il peut suffire qu ’ elle nous regarde avec bonté comme faisait Mme de Guermantes et que nous pensions qu ’ elle pourra nous appartenir .",2034,0ducote.txt
638,7.2004457,Elle a répondu un jour à Bergotte ceci . »,40247,6retrouve2.txt
639,7.201142,Albertine me faisait les protestations de tendresse les plus passionnées .,22654,3sodome1.txt
640,7.201611,"En sa petite phrase , quoiqu ’ elle présentât à la raison une surface obscure , on sentait un contenu si consistant , si explicite , auquel elle donnait une force si nouvelle , si originale , que ceux qui l ’ avaient entendue la conservaient en eux de plain - pied avec les idées de l ’ intelligence .",4175,0ducote.txt
641,7.2020087,"C ' est en vain que je disais : « Il me semble que l ' autre jour la pendule retardait plutôt » , elle traduisait évidemment : « Comme vous êtes méchante ! »",7118,1ombre1.txt
642,7.202098,Une minute affranchie de l ’ ordre du temps a recréé ;,39218,6retrouve2.txt
643,7.2039905,Et je n ' osais pas penser à la façon dont elle avait dû les employer .,29641,4laprison.txt
644,7.205656,Françoise était naturellement très touchée de ces attentions .,8424,1ombre2.txt
645,7.2058983,"et où repassaient ses maris , les hommes qui l ’ avaient entretenue , deux guerres , et ses yeux stellaires , semblables à une horloge astronomique taillée dans une opale , marquèrent successivement toutes ces heures solennelles d ’ un passé si lointain , qu ’ elle retrouvait à tout moment quand elle voulait vous dire un bonjour qui était toujours une excuse .",40413,6retrouve2.txt
646,7.205913,"Divisé ou plutôt indivisé , car le plus souvent ce qui m ' était délicieux , différent du reste du monde , ce qui commençait à me devenir cher au point que l ' espoir de le retrouver le lendemain était la meilleure joie de ma vie , c ' était plutôt tout le groupe de ces jeunes filles , pris dans l ' ensemble de ces après - midi sur la falaise , pendant ces heures éventées , sur cette bande d ' herbe où étaient posées ces figures , si excitantes pour mon imagination , d ' Albertine , de Rosemonde , d ' Andrée ;",11154,1ombre3.txt
647,7.2059765,"Je n ' avais , du reste , laissé que trop longtemps seule ma chère Albertine .",23660,3sodome1.txt
648,7.20636,Cela ferait crier .,21993,3sodome1.txt
649,7.207169,"Ce tintement mettait le comble à mon enthousiasme , mais me semblait trop humble pour que je le pusse expliquer à Mme de Montmorency , de sorte que cette dame me voyait toujours dans un ravissement dont elle ne devina jamais la cause . _ LES INTERMITTENCES DU COEUR _ Ma seconde arrivée à Balbec fut bien différente de la première .",21927,3sodome1.txt
650,7.208221,"Et une fois ou deux il connut par de tels soirs de ces joies qu ’ on serait tenté , si elles ne subissaient avec tant de violence le choc en retour de l ’ inquiétude brusquement arrêtée , d ’ appeler des joies calmes , parce qu ’ elles consistent en un apaisement : il était allé passer un instant à un raout chez le peintre et s ’ apprêtait à le quitter ;",3550,0ducote.txt
651,7.208496,"Et pourtant l ’ histoire de mes relations avec lui portait aussi le témoignage qu ’ un temps j ’ avais cessé d ’ aimer Albertine , puisque , si j ’ étais allé m ’ installer quelque temps auprès de Robert , à Doncières , c ’ était dans le chagrin de voir que ne m ’ était pas rendu le sentiment que j ’ avais pour Mme de Guermantes .",38938,6retrouve1.txt
652,7.209314,"J ' y avais déjà repensé d ' autres fois , mais je n ' avais pas abordé le souvenir par le même côté .",34568,5disparue1.txt
653,7.2095747,"Pendant un instant la bicyclette tangua , et le jeune corps sembla s ' être accru d ' une voile , d ' une aile immense ;",30173,4laprison.txt
654,7.2099032,"Sans doute l ’ inconnu et presque l ’ inconnaissable était devenu le commun , le familier , indifférent ou douloureux , mais retenant de ce qu ’ il avait été un certain charme .",40509,6retrouve2.txt
655,7.2100744,"C ’ est l ’ inverse de ce soulagement que j ’ éprouvais quand mon chagrin de monter dans ma chambre entrait en moi d ’ une façon infiniment plus rapide , presque instantanée , à la fois insidieuse et brusque , par l ’ inhalation , - - beaucoup plus toxique que la pénétration morale , - - de l ’ odeur de vernis particulière à cet escalier .",304,0ducote.txt
656,7.210678,"Décidément il me semblait que c ’ était quelqu ’ un d ’ autre , quand tout d ’ un coup j ’ entendis , à une chose que je disais , son rire , son fou rire d ’ autrefois , celui qui allait avec la perpétuelle mobilité gaie du regard .",40040,6retrouve2.txt
657,7.2107973,Mais je n ' ai pas même eu un mot de lui ;,14905,2guermantes2.txt
658,7.211052,"Mais quand il écrit , il n ’ est pas un geste de ses personnages , un tic , un accent , qui n ’ ait été apporté à son inspiration par sa mémoire ;",39491,6retrouve2.txt
659,7.211203,"Nous avions beau , malgré notre peu de sympathie originelle pour la dame du quatrième , hausser les épaules , comme à une fable invraisemblable , à ce récit d ' un si mauvais exemple , en le faisant , la narratrice savait prendre le cassant , le tranchant de la plus indiscutable et plus exaspérante affirmation .",16561,2guermantes2.txt
660,7.211719,"En ce moment , je ne pouvais plus me délecter à respirer par le souvenir celle d ' Albertine .",34163,5disparue1.txt
661,7.21186,"Paroles que j ' entendis , car j ' étais peu éloigné , et qui firent que je me récitai mentalement : Le Roi jusqu ' à ce jour ignore qui je suis , Et ce secret toujours tient ma langue enchaînée .",20606,3sodome1.txt
662,7.211984,- - Je veux dire : Est - ce qu ' il y chante beaucoup de pies ? »,24552,3sodome2.txt
663,7.212232,"- - Ah ! je croyais le contraire , dit Bloch qui se figurait que Mme de Guermantes avait parlé sincèrement .",14760,2guermantes2.txt
664,7.2136726,"Une feuille de papier couverte de caractères , la pensée ne s ' assimile pas cela tout de suite .",6016,1ombre1.txt
665,7.2145047,"Et pour aller chercher maman qui avait quitté la fenêtre , j ' avais bien en laissant la chaleur du plein air cette sensation de fraîcheur , jadis éprouvée à Combray quand je montais dans ma chambre , mais à Venise c ' était un courant d ' air marin qui l ' entretenait non plus dans un petit escalier de bois aux marches rapprochées , mais sur les nobles surfaces de degrés de marbre , éclaboussées à tout moment d ' un éclair de soleil glauque , et qui à l ' utile leçon de Chardin , reçue autrefois , ajoutaient celle de Véronèse .",36168,5disparue2.txt
666,7.215689,Je ne peux pas dire qu ' aucun fait prouvât aucune connivence avec le dehors .,33641,5disparue1.txt
667,7.216013,Un jour ma mère entend une voiture dans la cour de son hôtel .,8767,1ombre2.txt
668,7.2163544,"Ma confiance en un prompt rétablissement de ma grand ' mère fut d ' autant plus complète , que , au moment où je me rappelais l ' exemple de M . Fallières , je fus tiré de la pensée de ce rapprochement par un franc éclat de rire qui termina une plaisanterie du professeur E . . . .",15938,2guermantes2.txt
669,7.2166533,Et en la consolant cela eût déjà reposé notre vieille servante .,29151,4laprison.txt
670,7.2167206,Mais c ' est le contraire qui avait lieu .,11983,2guermantes1.txt
671,7.216979,"et il avait fallu hier l ' indécision et le tremblé de ma perception première pour confondre indistinctement , comme l ' avait fait l ' hilarité ancienne et la vieille photographie , les sporades aujourd ' hui individualisées et désunies du pâle madrépore .",9946,1ombre3.txt
672,7.217452,"Je mettais dans un des balances du plateau , « sentir maman triste , risquer de ne pas pouvoir aller aux Champs - Élysées » , dans l ' autre , « pâleur janséniste , mythe solaire » ;",5267,1ombre1.txt
673,7.2229977,"Mais tout à coup ce fut comme si elle était entrée , et cette apparition lui fut une si déchirante souffrance qu ’ il dut porter la main à son cœur .",4126,0ducote.txt
674,7.224543,"« Surtout , rappela Cottard à Brichot qui n ' avait pas entendu M . Verdurin , _ motus _ devant Mme Verdurin .",24290,3sodome2.txt
675,7.2246704,"murmura du Boulbon en fronçant les sourcils , comme si on lui avait marché sur le pied et si les insomnies de ma grand ' mère par les nuits de tempête étaient pour lui une injure personnelle .",15714,2guermantes2.txt
676,7.225437,disait Françoise en voyant que ma tante ne l ’ y enverrait plus .,690,0ducote.txt
677,7.2256474,Ah ! qu ' Albertine n ' avait - elle aimé Saint - Loup ! comme il me semble que j ' eusse moins souffert !,35173,5disparue1.txt
678,7.226394,"sans doute pour le gros ouvrage , pour les martyres plus fatigants à infliger , pour les querelles qui finissent par des coups , la duchesse lui en confiait les lourds instruments ;",19611,2guermantes3.txt
679,7.227299,"mais quand , de plus , cette lumière changée en oiseau se mettait en mouvement , en action , quand par exemple je voyais Robert de Saint - Loup entrer dans une soirée où j ’ étais , il avait des redressements de sa tête si joyeusement et si fièrement huppée sous l ’ aigrette d ’ or de ses cheveux un peu déplumés , des mouvements de cou tellement plus souples , plus fiers et plus coquets que n ’ en ont les humains , que devant la curiosité et l ’ admiration moitié mondaine , moitié zoologique qu ’ il vous inspirait , on se demandait si c ’ était dans le faubourg Saint - Germain qu ’ on se trouvait ou au Jardin des Plantes et si on regardait un grand seigneur traverser un salon , ou se promener dans sa cage un merveilleux oiseau .",37076,6retrouve1.txt
680,7.232242,En tous cas pour cette dernière je n ' en étais qu ' à la première affirmation et j ' ignorais si Albertine la connaissait .,29822,4laprison.txt
681,7.233846,Au même instant la situation changea de face : - - Ah ! . . .,6988,1ombre1.txt
682,7.2348475,De quoi pouvaient - ils se plaindre ?,20663,3sodome1.txt
683,7.2356153,"Et de cet instrument plus varié , elles jouaient avec leurs lèvres , avec cette application , cette ardeur des petits anges musiciens de Bellini , lesquelles sont aussi un apanage exclusif de la jeunesse .",11042,1ombre3.txt
684,7.236449,"Je ne sais ce qui le fit venir une première fois , mais ensuite chaque jour ce fut pour la raison qu ' il était venu la veille .",16118,2guermantes2.txt
685,7.2385163,"Par quel privilège , un matin plutôt qu ' un autre , la fenêtre en s ' entr ' ouvrant découvrit - elle à mes yeux émerveillés la nymphe Glaukonomèné , dont la beauté paresseuse et qui respirait mollement avait la transparence d ' une vaporeuse émeraude à travers laquelle je voyais affluer les éléments pondérables qui la coloraient ?",8522,1ombre2.txt
686,7.238996,"Je remarquais que chaque fois qu ' Albertine les regardait un instant , toutes ces filles , avec une attention profonde , se retournaient aussitôt vers moi .",30149,4laprison.txt
687,7.2405725,"Comme mon silence a dû la faire sangloter depuis tant de mois que je n ' ai été là où elle est couchée , qu ' a - t - elle pu se dire ?",22074,3sodome1.txt
688,7.240779,"Ainsi Françoise et ma tante appréciaient - elles ensemble au cours de cette séance matinale , les premiers événements du jour .",657,0ducote.txt
689,7.2414823,"Distraite , impulsive , ne songeant pas qu ' elle était avec moi , elle avait eu le haussement d ' épaules , elle avait commencé de parler comme elle eût fait avec une de ces femmes , avec peut - être une de mes jeunes filles en fleurs .",32567,4laprison.txt
690,7.2417755,Mais en même temps tout mon plaisir avait cessé ;,5312,1ombre1.txt
691,7.242317,D ' ailleurs tous les Courvoisier fussent - ils restés que les mots les eussent laissés d ' autant plus insensibles que les incidents qui les faisaient généralement naître auraient été considérés par eux d ' un point de vue tout à fait différent .,17835,2guermantes3.txt
692,7.242379,"Mais celle - ci avait pris des proportions telles que le vieillard , imitant , dans ce dernier amour , la manière de celles qu ’ il avait eues autrefois , séquestrait sa maîtresse au point que , si mon amour pour Albertine avait répété , avec de grandes variations , l ’ amour de Swann pour Odette , l ’ amour de M . de Guermantes rappelait celui que j ’ avais eu pour Albertine .",40829,6retrouve2.txt
693,7.245052,"Ils me rappelaient ces assiettes à petits fours , des Mille et une Nuits , qui distrayaient tant de leurs « sujets » ma tante Léonie quand Françoise lui apportait un jour « Aladin ou la Lampe Merveilleuse » , un autre « Ali - Baba » , le « Dormeur éveillé » ou « Sinbad le Marin embarquant à Bassora avec toutes ses richesses » .",10991,1ombre3.txt
694,7.245549,"Car une fois qu ' il était arrivé à l ' improviste , j ' avais préféré me priver de voir Albertine plutôt que de risquer qu ' il la rencontrât , que fût compromis l ' état de calme heureux où je me trouvais depuis quelque temps et que fût ma jalousie renouvelée .",26333,3sodome2.txt
695,7.245947,Albertine n ' avait rien à reprocher à son ami .,35802,5disparue2.txt
696,7.2463923,Cet éloignement imaginaire du passé est peut - être une des raisons qui permettent de comprendre que même de grands écrivains aient trouvé une beauté géniale aux oeuvres de médiocres mystificateurs comme Ossian .,17307,2guermantes3.txt
697,7.246647,"Mais entendre parler de Montjouvain m ' était trop pénible , je l ' interrompais .",29615,4laprison.txt
698,7.2483144,"Non , cela tenait à ce que cessant de la voir j ' avais cessé de l ' aimer , et que je n ' avais pas cessé de m ' aimer parce que mes liens quotidiens avec moi - même n ' avaient pas été rompus comme l ' avaient été ceux avec Albertine .",36400,5disparue2.txt
699,7.250454,"Mais maintenant souvent je la voyais à sa fenêtre , dans la cour , dans la rue ;",11872,2guermantes1.txt
700,7.250595,"Albertine avait aux pieds des souliers noirs ornés de brillants que Françoise appelait rageusement des socques , pareils à ceux que , par la fenêtre du salon , elle avait aperçu que Mme de Guermantes portait chez elle le soir , de même qu ' un peu plus tard Albertine eut des mules , certaines en chevreau doré , d ' autres en chinchilla , et dont la vue m ' était douce parce qu ' elles étaient les unes et les autres comme les signes ( que d ' autres souliers n ' eussent pas été ) qu ' elle habitait chez moi .",28691,4laprison.txt
701,7.25062,"mais en me regardant , car ces paroles avaient pour but de me montrer combien la princesse était intime avec la Patronne .",24140,3sodome2.txt
702,7.251293,L ' influence de sa fille commençait à altérer un peu le vocabulaire de Françoise .,29942,4laprison.txt
703,7.251593,"Dans la chambre voisine , j ’ entendais ma tante qui causait toute seule à mi - voix .",587,0ducote.txt
704,7.251898,Ma sympathie un peu prématurée avait fleuri trop tôt ;,19150,2guermantes3.txt
705,7.2550516,"Ma tendresse pour Albertine , ma jalousie tenaient , on l ' a vu , à l ' irradiation par association d ' idées de certaines impressions douces ou douloureuses , au souvenir de Mlle Vinteuil à Montjouvain , aux doux baisers du soir qu ' Albertine me donnait dans le cou .",36367,5disparue2.txt
706,7.2556205,"Ce n ' est pas certes , je le savais , que j ' aimasse Albertine le moins du monde .",28109,4laprison.txt
707,7.2562537,"Si c ' était la même ( et je me gardais d ' en parler à Albertine ) , la jeune fille que j ' avais crue enivrante n ' existait pas .",23274,3sodome1.txt
708,7.2569613,"Mais moi , qui avais jadis fait de si longs trajets pour l ’ apercevoir au Bois , qui avais écouté le son de sa voix tomber de sa bouche , la première fois que j ’ avais été chez elle , comme un trésor , les minutes passées maintenant auprès d ’ elle me semblaient interminables à cause de l ’ impossibilité de savoir que lui dire , et je m ’ éloignai .",40122,6retrouve2.txt
709,7.2570047,"Combray , Combray , s ' écriait - elle .",11716,2guermantes1.txt
710,7.2593727,"c ' est pour cela , conclut - il , comme il aimait à morigéner , que je me suis opposé à ce que vous invitiez de ces personnes - - diviseurs qui , devant les êtres prépondérants que je vous amenais eussent joué le rôle de virgules dans un chiffre , les autres réduites à n ' être que de simples dixièmes .",31527,4laprison.txt
711,7.2598214,"elle eût eu peur de brusquer le doux chantre de Télémaque en l ' appelant rudement Fénelon - - comme je faisais moi - même en connaissance de cause , ayant pour ami le plus cher l ' être le plus intelligent , bon et brave , inoubliable à tous ceux qui l ' ont connu , Bertrand de Fénelon - - et elle ne disait jamais que « Fénélon » trouvant que l ' accent aigu ajoutait quelque mollesse .",22204,3sodome1.txt
712,7.2603555,"Les soirs où cette dernière ne me lisait pas à haute voix , elle me faisait de la musique ou entamait avec moi des parties de dames , ou des causeries que j ' interrompais les unes et les autres pour l ' embrasser .",28743,4laprison.txt
713,7.260428,Je ne démêlais pas alors si ce pessimisme était chez Françoise douloureux ou satisfait .,5998,1ombre1.txt
714,7.260666,"entre nous , je crois qu ' il nous a collé des croûtes .",18247,2guermantes3.txt
715,7.260783,Mme de Cambremer les combinait toutes les deux .,25005,3sodome2.txt
716,7.2610483,"C ' est ainsi que , par exemple , les Muses étaient représentées comme le seraient des êtres appartenant à une espèce fossile mais qu ' il n ' eût pas été rare , aux temps mythologiques , de voir passer le soir , par deux ou par trois , le long de quelque sentier montagneux .",17349,2guermantes3.txt
717,7.262726,"Sauf une raison si grave et qu ' elle ne connaissait pas , maman , par le double effet de l ' imitation édifiante et libératrice de ma grand ' mère , admiratrice de George Sand , et qui faisait consister la vertu dans la noblesse du cœur , et , d ' autre part , de ma propre influence corruptrice , était maintenant indulgente à des femmes pour la conduite de qui elle se fût montrée sévère autrefois , ou même aujourd ' hui , si elles avaient été de ses amies bourgeoises de Paris ou de Combray , mais dont je lui vantais la grande âme et auxquelles elle pardonnait beaucoup parce qu ' elles m ' aimaient bien .",28009,4laprison.txt
718,7.2628965,"Du reste , quand une fois sur mille je pouvais suivre l ' écrivain jusqu ' au bout de sa phrase , ce que je voyais était toujours d ' une drôlerie , d ' une vérité , d ' un charme , pareils à ceux que j ' avais trouvés jadis dans la lecture de Bergotte , mais plus délicieux .",16100,2guermantes2.txt
719,7.262998,"C ’ est que le violon était monté à des notes hautes où il restait comme pour une attente , une attente qui se prolongeait sans qu ’ il cessât de les tenir , dans l ’ exaltation où il était d ’ apercevoir déjà l ’ objet de son attente qui s ’ approchait , et avec un effort désespéré pour tâcher de durer jusqu ’ à son arrivée , de l ’ accueillir avant d ’ expirer , de lui maintenir encore un moment de toutes ses dernières forces le chemin ouvert pour qu ’ il pût passer , comme on soutient une porte qui sans cela retomberait .",4127,0ducote.txt
720,7.263515,"Comme toujours , mais plus facilement pendant que son père s ' était éloigné pour causer avec le bâtonnier , je regardais Mlle de Stermaria .",8326,1ombre2.txt
721,7.26476,"Étourdi de chagrin , je lâchai la ficelle , le furet aperçut la bague , se jeta sur elle , je dus me remettre au milieu , désespéré , regardant la ronde effrénée qui continuait autour de moi , interpellé par les moqueries de toutes les joueuses , obligé , pour y répondre , de rire quand j ' en avais si peu envie , tandis qu ' Albertine ne cessait de dire : « On ne joue pas quand on ne veut pas faire attention et pour faire perdre les autres .",11219,1ombre3.txt
722,7.2653136,"C ' était , de plus , traiter notre malade sans respect , comme si elle était tombée en enfance .",16215,2guermantes2.txt
723,7.266569,Il s ' arrêta .,13451,2guermantes1.txt
724,7.266635,"Si l ' histoire était vraie , et si Albertine m ' avait caché ses goûts , c ' était pour ne pas me faire du chagrin .",34999,5disparue1.txt
725,7.2667446,"Non , c ' est probablement sa petite grue qui lui aura monté le bourrichon .",14668,2guermantes2.txt
726,7.269155,"Ce n ' était pas « Rachel quand du Seigneur » qui me semblait peu de chose , c ' était la puissance de l ' imagination humaine , l ' illusion sur laquelle reposaient les douleurs de l ' amour , que je trouvais grandes .",13548,2guermantes1.txt
727,7.269182,"Je sentais que je ne me la rappelais vraiment que par la douleur , et j ' aurais voulu que s ' enfonçassent plus solidement encore en moi ces clous qui y rivaient sa mémoire .",22037,3sodome1.txt
728,7.269426,- - Oh ! non ! dites - le !,18041,2guermantes3.txt
729,7.271524,mes yeux se mouillèrent quand le bonheur des fiancés fut assuré .,35122,5disparue1.txt
730,7.2717323,Mme de Forcheville ne l ’ en aimait pas moins ;,40132,6retrouve2.txt
731,7.2721295,Je reconnais tout de même que chez Dostoïevski cette préoccupation de l ' assassinat a quelque chose d ' extraordinaire et qui me le rend très étranger .,33072,4laprison.txt
732,7.272181,"Si je ne lui en voulais plus , c ’ est parce qu ’ en lui , qui avait retrouvé l ’ innocence du premier âge , il n ’ y avait plus aucun souvenir des notions méprisantes qu ’ il avait pu avoir de moi , aucun souvenir d ’ avoir vu M . de Charlus me lâcher brusquement le bras , soit qu ’ il n ’ y eût plus rien en lui de ces sentiments , soit qu ’ ils fussent obligés , pour arriver jusqu ’ à nous , de passer par des réfracteurs physiques si déformants qu ’ ils changeaient en route absolument de sens et que M . d ’ Argencourt semblât bon , faute de moyens physiques d ’ exprimer encore qu ’ il était mauvais et de refouler sa perpétuelle hilarité invitante .",39764,6retrouve2.txt
733,7.2722006,"Souvent , à un nom d ’ actrice qui venait dans la conversation , j ’ entendais mon père dire à ma mère , en souriant : « Une amie de ton oncle » ;",860,0ducote.txt
734,7.27295,"or , je me trouvais être pour Albertine plus que n ' était sa tante elle - même .",11382,1ombre3.txt
735,7.2742596,"Pour en revenir à Françoise , je n ' ai jamais dans ma vie éprouvé une humiliation sans avoir trouvé d ' avance sur le visage de Françoise des condoléances toutes prêtes ;",12236,2guermantes1.txt
736,7.2744117,"Ce dialogue , moitié muet , moitié parlé , n ' avait duré que peu d ' instants , et je n ' avais encore fait que quelques pas dans les salons avec la duchesse de Guermantes quand une petite dame brune , extrêmement jolie , l ' arrêta : « Je voudrais bien vous voir .",20607,3sodome1.txt
737,7.2757106,"Or , c ' est toujours de ces défauts - là qu ' on parle , comme si c ' était une manière de parler de soi , détournée , et qui joint au plaisir de s ' absoudre celui d ' avouer .",8974,1ombre2.txt
738,7.276249,"car cela faisait tomber entre nous la séparation d ' illusions différentes , tout en n ' ayant jamais eu pour résultat de me faire aimer d ' elle davantage , au contraire .",34860,5disparue1.txt
739,7.277022,Mais nous restâmes silencieux .,206,0ducote.txt
740,7.2781267,"Quant aux fidèles , aussi excités par le désir inavoué qu ' ils avaient de connaître les Cambremer , que dupes de l ' ennui affecté que Mme Verdurin disait éprouver à les recevoir , ils reprenaient chaque jour , en causant avec elle , les vils arguments qu ' elle donnait elle - même en faveur de cette invitation , tâchaient de les rendre irrésistibles .",23993,3sodome2.txt
741,7.2782087,"il sonna , crut entendre du bruit , entendre marcher , mais on n ’ ouvrit pas .",3269,0ducote.txt
742,7.2809486,Le miracle même d ' une parole murmurée ne se produisait pas .,27203,3sodome2.txt
743,7.2814527,"Tant que ma jalousie ne s ' était pas réincarnée en des êtres nouveaux , j ' avais eu après mes souffrances passées un intervalle de calme .",28133,4laprison.txt
744,7.282311,"certaines méchantes langues prétendaient même que ce dernier verbe eût été plus vrai , personne ne pouvant du reste décider , car elle écoutait cette musique - là la tête dans ses mains , et certains bruits ronfleurs pouvaient après tout être des sanglots ) .",31088,4laprison.txt
745,7.283055,"D ' Albertine , en revanche , je n ' avais plus rien à apprendre .",28211,4laprison.txt
746,7.2845845,"les portes , si je les laissais ouvertes pendant que je me retirais dans ce dernier retrait , ne se contentaient pas de le tripler , sans qu ' il cessât d ' être harmonieux , et ne faisaient pas seulement goûter à mon regard le plaisir de l ' étendue après celui de la concentration , mais encore ajoutaient , au plaisir de ma solitude , qui restait inviolable et cessait d ' être enclose , le sentiment de la liberté .",12482,2guermantes1.txt
747,7.2857494,"Il me disait : personne , et pouvait l ' affirmer , car le « tableau » des sonneries eût marqué .",25792,3sodome2.txt
748,7.285822,"Les amoindrissements mêmes qui caractérisent le sommeil se reflétaient dans le mien , mais d ' une façon symbolique : je ne pouvais pas dans l ' obscurité distinguer le visage des amis qui étaient là , car on dort les yeux fermés ;",13340,2guermantes1.txt
749,7.286197,Et peut - être était - elle désolée .,22744,3sodome1.txt
750,7.2863145,"Contrairement à l ' attente de Brichot , Mme Verdurin ne s ' égaya pas : « Il est immonde , répondit - elle .",31600,4laprison.txt
751,7.28711,"Si jadis je m ' étais exalté en croyant voir du mystère dans les yeux d ' Albertine , maintenant je n ' étais heureux que dans les moments où de ces yeux , de ces joues mêmes , réfléchissantes comme des yeux , tantôt si douces mais vite bourrues , je parvenais à expulser tout mystère .",28841,4laprison.txt
752,7.287691,C ' est ce qui m ' était arrivé pour Albertine .,34076,5disparue1.txt
753,7.2879906,"Mais , par moments , sous le coup de la colère , de griefs imaginaires , il lui adressait , sans résister à ses impulsions , des lettres de la dernière violence , dans lesquelles il faisait état de petites choses qu ' il semblait jusque - là n ' avoir pas remarquées .",15118,2guermantes2.txt
754,7.288485,"C ' était peut - être une habitude de Combray , prise auprès des soeurs de ma grand ' mère qui appelaient cela : « Combattre pour la bonne cause » , et qui aimaient les dîners où elles savaient , toutes les semaines , qu ' elles auraient à défendre leurs dieux contre des Philistins .",22899,3sodome1.txt
755,7.2884865,"Quand celle - ci était en visite chez Mme d ' Arpajon , c ' était un vif et sympathique mouvement de curiosité .",21882,3sodome1.txt
756,7.290155,On savait qu ’ il n ’ y avait pas à Paris deux bouches pareilles et la leur me les faisait reconnaître dans cette matinée où je ne reconnaissais plus personne .,39998,6retrouve2.txt
757,7.2918935,Je fus navré de ne pouvoir découvrir qui m ' avait écrit .,35762,5disparue2.txt
758,7.2925215,on en riait encore un quart d ’ heure après et on se promettait de monter raconter cet oubli à ma tante pour l ’ amuser .,1342,0ducote.txt
759,7.293021,"Devenu différent par le fait de sa présence même , quand je me trouvai de nouveau avec Albertine , je lui dis tout autre chose que ce que j ' avais projeté .",10673,1ombre3.txt
760,7.293302,"- - Ah ! si madame Verdurin commence à peloter les bronzes , nous n ’ entendrons pas de musique ce soir , dit le peintre .",2371,0ducote.txt
761,7.2943597,"Je jouissais encore des débris du sommeil , c ' est - à - dire de la seule invention , du seul renouvellement qui existe dans la manière de conter , toutes les narrations à l ' état de veille , fussent - elles embellies par la littérature , ne comportant pas ces mystérieuses différences d ' où dérive la beauté .",29502,4laprison.txt
762,7.2946157,"Il semblait ( il avait surtout semblé au début , car pour qui n ’ avait pas vécu comme moi loin de Paris , l ’ habitude était venue qui retranche aux choses que nous avons vues plusieurs fois la racine d ’ impression profonde et de pensée qui leur donne leur sens réel ) , il semblait presque qu ’ il y eût quelque chose de cruel dans ces permissions données aux combattants .",37637,6retrouve1.txt
763,7.2951827,"Sans doute pour avoir à jamais indissolublement uni en moi des impressions différentes rien que parce qu ’ ils me les avaient fait éprouver en même temps , le côté de Méséglise ou le côté de Guermantes m ’ ont exposé , pour l ’ avenir , à bien des déceptions et même à bien des fautes .",2104,0ducote.txt
764,7.2973413,Parfois pourtant les paroles d ' Aimé revenaient m ' inquiéter ;,36892,5disparue2.txt
765,7.2976694,C ' était pourtant Albertine .,10520,1ombre3.txt
766,7.2980876,Cette réponse était si forte qu ' elle aurait dû dissoudre les objections et les doutes que je voyais cristallisés dans les prunelles d ' Albertine .,33299,4laprison.txt
767,7.2981763,"Dès son enfance Albertine avait toujours eu en admiration devant elle quatre ou cinq petites camarades , parmi lesquelles se trouvait Andrée qui lui était si supérieure et le savait ( et peut - être cette attraction qu ' Albertine exerçait bien involontairement avait - elle été à l ' origine , avait - elle servi à la fondation de la petite bande ) .",11423,1ombre3.txt
768,7.300061,"Même un plaisir plus profond , comme celui que j ’ aurais pu éprouver quand j ’ aimais Albertine , n ’ était en réalité perçu qu ’ inversement par l ’ angoisse que j ’ avais quand elle n ’ était pas là , car quand j ’ étais sûr qu ’ elle allait arriver , comme le jour où elle était revenue du Trocadéro , je n ’ avais pas cru éprouver plus qu ’ un vague ennui , tandis que je m ’ exaltais de plus en plus au fur et à mesure que j ’ approfondissais le bruit du couteau ou le goût de l ’ infusion , avec une joie croissante pour moi qui avais fait entrer dans ma chambre la chambre de ma tante Léonie et , à sa suite , tout Combray et ses deux côtés .",39241,6retrouve2.txt
769,7.300807,"« Impossible , c ' est une vieille peinture italienne » ( cette plaisanterie n ' a aucun sens transcrite ainsi ;",30047,4laprison.txt
770,7.3008194,"L ' immobilité de ce mince visage , comme celle d ' une feuille de papier soumise aux colossales pressions de deux atmosphères , me semblait équilibrée par deux infinis qui venaient aboutir à elle sans se rencontrer , car elle les séparait .",13546,2guermantes1.txt
771,7.3009386,"des ananas du jeune homme figurèrent tout dernièrement sur la table du quai Conti , faisant dire à Mme Verdurin qui à ce moment n ' y mettait pas malice : « Vous avez donc un oncle ou un neveu d ' Amérique , M . de Charlus , pour recevoir des ananas pareils ! »",32340,4laprison.txt
772,7.302134,"d ' ailleurs , elle la débita tellement vite que ce fut seulement quand elle fut arrivée au dernier vers que mon esprit prit conscience de la monotonie voulue qu ' elle avait imposée aux premiers .",5329,1ombre1.txt
773,7.302798,"Il en était résulté que , dans la famille , comme nous allions beaucoup chez mon oncle Adolphe jusqu ' au jour fatal où je brouillai mes parents avec lui en racontant l ' histoire de la dame en rose , au lieu de dire « chez votre oncle » , on disait « au 40 _ bis _ » .",26836,3sodome2.txt
774,7.3032,"aussitôt je recouvrais la vue et j ’ étais bien étonné de trouver autour de moi une obscurité , douce et reposante pour mes yeux , mais peut - être plus encore pour mon esprit , à qui elle apparaissait comme une chose sans cause , incompréhensible , comme une chose vraiment obscure .",10,0ducote.txt
775,7.3045254,"Malgré mon désir d ’ enlacer leur taille souple et d ’ attirer à moi les boucles étoilées de leur tête odorante , nous passions sans nous arrêter , mes parents n ’ allant plus à Tansonville depuis le mariage de Swann , et , pour ne pas avoir l ’ air de regarder dans le parc , au lieu de prendre le chemin qui longe sa clôture et qui monte directement aux champs , nous en prenions un autre qui y conduit aussi , mais obliquement , et nous faisait déboucher trop loin .",1608,0ducote.txt
776,7.3051677,"Au reste ces filles fleurs étaient , à un degré étrange , faciles à être contentées par une autre personne , ou désireuses de la contenter , car plus d ' une , à laquelle je n ' avais tenu pendant toute la soirée que deux ou trois propos dont la stupidité m ' avait fait rougir , tint , avant de quitter le salon , à venir me dire , en fixant sur moi ses beaux yeux caressants , tout en redressant la guirlande d ' orchidées qui contournait sa poitrine , quel plaisir intense elle avait eu à me connaître , et me parler - - allusion voilée à une invitation à dîner - - de son désir « d ' arranger quelque chose » , après qu ' elle aurait « pris jour » avec Mme de Guermantes .",18917,2guermantes3.txt
777,7.3053465,"Dans le cas où Aimé ne se fût pas trompé , la rougeur de Saint - Loup quand Bloch lui avait parlé du lift , ne venait peut - être pas de ce que celui - ci prononçait laïft .",36840,5disparue2.txt
778,7.3055415,"Et déjà le charme dont son nom avait encensé cette place sous les épines roses où il avait été entendu ensemble par elle et par moi , allait gagner , enduire , embaumer , tout ce qui l ’ approchait , ses grands - parents que les miens avaient eu l ’ ineffable bonheur de connaître , la sublime profession d ’ agent de change , le douloureux quartier des Champs - Élysées qu ’ elle habitait à Paris .",1672,0ducote.txt
779,7.30642,Albertine buvait toutes ces paroles .,11134,1ombre3.txt
780,7.3073354,"Les révélations d ' Aimé , même si je les acceptais , ne diminuaient en rien pour moi l ' intérêt anxieux , désolé , de cette question inattendue , comme si chaque Albertine différente , chaque souvenir nouveau , posait un problème de jalousie particulier , auquel les solutions des autres ne pouvaient pas s ' appliquer .",35161,5disparue1.txt
781,7.3073473,"Notre serpent aux sifflements jadis harmonieusement modulés , quand il avait un charmeur - - fort charmé , du reste - - n ’ était pas seulement musical et reptile , il avait jusqu ’ à la lâcheté cette vertu que je tiens maintenant pour divine , la Prudence .",38270,6retrouve1.txt
782,7.3078194,- - Mais il venait bien à Combray .,4998,0ducote.txt
783,7.3078914,"Même en celle - ci , je ne m ' attachai pas à remarquer combien la combinaison du motif voluptueux et du motif anxieux répondait davantage maintenant à mon amour pour Albertine , duquel la jalousie avait été si longtemps absente que j ' avais pu confesser à Swann mon ignorance de ce sentiment .",30005,4laprison.txt
784,7.308767,"Et même ces allusions qu ' elle avait faites aux Guermantes , à Molière , à nos conversations sur le petit noyau , prenaient un air sans appui , sans cause , fantastique , parce qu ' elles sortaient du néant de ce même être qui , demain peut - être , n ' existerait plus , pour lequel elles n ' auraient plus aucun sens , de ce néant - - incapable de les concevoir - - que ma grand ' mère serait bientôt .",15877,2guermantes2.txt
785,7.3088765,"Quelques jours plus tard , il fallut bien me rendre à l ' évidence et reconnaître que Brichot était épris de la marquise .",27350,3sodome2.txt
786,7.3092194,Mais il y avait plus .,39389,6retrouve2.txt
787,7.3106866,"En entendant ces mots d ' excuse , prononcés comme si elle n ' allait pas venir , je sentis qu ' au désir de revoir la figure veloutée qui déjà à Balbec dirigeait toutes mes journées vers le moment où , devant la mer mauve de septembre , je serais auprès de cette fleur rose , tentait douloureusement de s ' unir un élément bien différent .",21696,3sodome1.txt
788,7.311935,Si mal que peu à peu les curiosités qu ’ excitait en lui sa jalousie furent neutralisées par la peur des tortures nouvelles qu ’ il s ’ infligerait en les satisfaisant .,4457,0ducote.txt
789,7.3122153,"Et il est probable que si je l ’ avais fait , les deux clochers seraient allés à jamais rejoindre tant d ’ arbres , de toits , de parfums , de sons , que j ’ avais distingués des autres à cause de ce plaisir obscur qu ’ ils m ’ avaient procuré et que je n ’ ai jamais approfondi .",2056,0ducote.txt
790,7.312895,"Dès que j ' eus considéré cette rencontre de ce point de vue , tout m ' y sembla empreint de beauté .",20077,3sodome1.txt
791,7.313239,« Et vous lisez aussi ?,21222,3sodome1.txt
792,7.317684,"Quand je parlais , l ' approbation des autres semblait encore de trop à Saint - Loup , il exigeait le silence .",12814,2guermantes1.txt
793,7.3190727,"mais j ’ avais beau les comparer , comment choisir plus qu ’ entre des êtres individuels , qui ne sont pas interchangeables , entre Bayeux si haute dans sa noble dentelle rougeâtre et dont le faîte était illuminé par le vieil or de sa dernière syllabe ;",4713,0ducote.txt
794,7.320117,"Et puis elle avait de si bizarres façons d ' appeler certaines choses , que cela pouvait signifier cela ou non , mais le sentiment qu ' elle avait eu de ma jalousie l ' avait ensuite portée à rétracter avec horreur ce qu ' elle avait d ' abord complaisamment avoué .",34994,5disparue1.txt
795,7.3207173,Et sans doute celle - ci m ' en paraissait plus vivante .,28585,4laprison.txt
796,7.3212266,Le train s ' arrêta .,24164,3sodome2.txt
797,7.321892,"Les mots de Gilberte : « Si vous voulez , continuons à lutter » me firent horreur .",7778,1ombre2.txt
798,7.3223386,"- - « Eh ! là , mon Dieu » , soupirait Françoise , qui ne pouvait pas entendre parler d ’ un malheur arrivé à un inconnu , même dans une partie du monde éloignée , sans commencer à gémir .",648,0ducote.txt
799,7.322832,"« Je vous dirai , me dit - elle , que cela m ’ intéresse d ’ autant plus de l ’ entendre , et de l ’ entendre acclamer , que je l ’ ai dénichée , appréciée , prônée , imposée à une époque où personne ne la connaissait et où tout le monde se moquait d ’ elle .",40773,6retrouve2.txt
800,7.3229804,"A l ’ instant , ce son magique fit reparaître à mes yeux le domaine paternel ;",39722,6retrouve2.txt
801,7.3234377,Sans doute la forme sous laquelle elle les avait codifiés ne pouvait pas se résoudre en raisonnements .,4169,0ducote.txt
802,7.3241553,Il y eut alors un instant où j ' eus pour elle une espèce de haine qui ne fit qu ' aviver mon besoin de la retenir .,32426,4laprison.txt
803,7.3242283,"Ce n ' était pas Albertine seule qui n ' était qu ' une succession de moments , c ' était aussi moi - même .",34501,5disparue1.txt
804,7.3242455,"Le fait de les détruire - - ou d ' y tâcher - - jour par jour , était sans doute la cause pourquoi il m ' était doux d ' embrasser ces joues qui n ' étaient pas plus belles que bien d ' autres ;",28910,4laprison.txt
805,7.326753,"Je n ' eus pas le temps de le bien distinguer , mais il était peu probable que je le surprisse ;",30129,4laprison.txt
806,7.3284054,"au beau milieu du poème , qu ’ elle crut peut - être terminé .",40623,6retrouve2.txt
807,7.329455,"Il est vrai que la marquise avait une autre raison , et qui pour elle devait primer celle - là , car gendelettre dans l ’ âme , elle faisait passer la copie avant tout .",3066,0ducote.txt
808,7.329603,"Et devant chaque maison , même celles où ce n ’ était pas l ’ habitude , les domestiques ou même les maîtres , assis et regardant , festonnaient le seuil d ’ un liséré capricieux et sombre comme celui des algues et des coquilles dont une forte marée laisse le crêpe et la broderie au rivage , après qu ’ elle s ’ est éloignée .",1032,0ducote.txt
809,7.330484,"Né d ' un soupçon nouveau , l ' accès de jalousie dont je souffrais était nouveau aussi , ou plutôt il n ' était que le prolongement , l ' extension de ce soupçon , il avait le même théâtre , qui n ' était plus Montjouvain , mais la route où Aimé avait rencontré Albertine , pour objet , les quelques amies dont l ' une ou l ' autre pouvait être celle qui était avec Albertine ce jour - là .",28963,4laprison.txt
810,7.3305006,Mais il s ’ arrêta stupéfait en m ’ apercevant .,38584,6retrouve1.txt
811,7.3316417,"Tout d ' un coup , sans que j ' eusse entendu sonner , Françoise vint ouvrir la porte , introduisant Albertine qui entra souriante , silencieuse , replète , contenant dans la plénitude de son corps , préparés pour que je continuasse à les vivre , venus vers moi , les jours passés dans ce Balbec où je n ' étais jamais retourné .",16447,2guermantes2.txt
812,7.3330364,"De l ’ autre côté , son lit longeait la fenêtre , elle avait la rue sous les yeux et y lisait du matin au soir , pour se désennuyer , à la façon des princes persans , la chronique quotidienne mais immémoriale de Combray , qu ’ elle commentait ensuite avec Françoise .",605,0ducote.txt
813,7.334677,"La première fois que je l ' avais chantée , je commençais d ' aimer Albertine , mais je croyais que je ne la connaîtrais jamais .",26535,3sodome2.txt
814,7.334794,« Tu vois que M . Bidou reproduit presque les paroles que tu me rappelles et que j ’ avais oubliées .,37677,6retrouve1.txt
815,7.335443,Mais c ’ était rare ;,3793,0ducote.txt
816,7.336451,"Françoise , qui , après la mort de ma tante , ne croyait pouvoir parler que sur un ton apitoyé , dans les mois qui précédèrent le mariage de sa fille , eût trouvé choquant , quand celle - ci se promenait avec son fiancé , qu ' elle ne le tînt pas par le bras .",16653,2guermantes2.txt
817,7.336739,"Seuls , dépassant le lit , les cheveux de cette tête , abondants et noirs , me firent comprendre que c ' était elle , qu ' elle n ' avait pas ouvert sa porte , pas bougé , et je sentis ce demi - cercle immobile et vivant , où tenait toute une vie humaine et qui était la seule chose à laquelle j ' attachais du prix , je sentis qu ' il était là , en ma possession dominatrice .",32931,4laprison.txt
818,7.337192,Les arrivants avaient peine à garder le silence .,17104,2guermantes3.txt
819,7.337695,"Certes , par les jours clairs , Paris m ' apparaissait innombrablement fleuri de toutes les fillettes , non que je désirais , mais qui plongeaient leurs racines dans l ' obscurité du désir et des soirées inconnues d ' Albertine .",35271,5disparue1.txt
820,7.3388314,C ' étaient les pigeons qui commençaient à roucouler .,33175,4laprison.txt
821,7.3405857,Cela la modifie tout de même beaucoup .,34005,5disparue1.txt
822,7.3412776,"Si j ' avais pu descendre parler à la fille que nous croisions , peut - être eussé - je été désillusionné par quelque défaut de sa peau que de la voiture je n ' avais pas distingué .",8601,1ombre2.txt
823,7.3418508,Vraiment c ' est inouï cette génération spontanée de l ' erreur .,21195,3sodome1.txt
824,7.343217,"La parole ineffable d ’ un seul absent , peut - être d ’ un mort ( Swann ne savait pas si Vinteuil vivait encore ) s ’ exhalant au - dessus des rites de ces officiants , suffisait à tenir en échec l ’ attention de trois cents personnes , et faisait de cette estrade où une âme était ainsi évoquée un des plus nobles autels où pût s ’ accomplir une cérémonie surnaturelle .",4213,0ducote.txt
825,7.3436546,Et au fond pourquoi cela n ' eût - il pas été ?,34293,5disparue1.txt
826,7.3447695,voilà deux fois de suite que je l ' ai fait parce que ma gosse était venue .,12323,2guermantes1.txt
827,7.34529,"Comme je lui parlais de la princesse de Luxembourg que j ' avais rencontrée avec sa tante : - - Une carpe , me dit - il , comme toutes ses pareilles .",9490,1ombre3.txt
828,7.3461194,Je faisais semblant de préférer Andrée .,11300,1ombre3.txt
829,7.348343,"Moi au contraire tandis que j ' étais si jaloux d ' Albertine , plus heureux que Swann , je l ' avais eue chez moi .",34612,5disparue1.txt
830,7.3487105,"Pendant que nous déjeunions , en ouvrant sa croisée , la dame d ’ en face avait fait décamper en un clin d ’ œil , d ’ à côté de ma chaise , - - rayant d ’ un seul bond toute la largeur de notre salle à manger - - un rayon qui y avait commencé sa sieste et était déjà revenu la continuer l ’ instant d ’ après .",4879,0ducote.txt
831,7.3502955,"Mais si j ' avais une satisfaction aussi insignifiante que de m ' étirer d ' un air de béatitude en fermant un livre et en disant : « Ah ! je viens de passer deux heures charmantes à lire tel livre amusant » , ces mots qui eussent fait plaisir à ma mère , à Albertine , à Saint - Loup , excitaient chez Andrée une espèce de réprobation , peut - être simplement de malaise nerveux .",28629,4laprison.txt
832,7.350761,"Dans ce cas mes arguments se trouvaient détruits , mais combien ils se trouvèrent au contraire fortifiés quand le concierge revint me dire que Mlle d ' Éporcheville était bien la blonde .",35375,5disparue2.txt
833,7.3510613,et j ' eus peine à attendre le lendemain ;,7650,1ombre2.txt
834,7.3516912,"Albertine était là : mes nerfs démontés , continuant leur agitation , l ' attendaient encore .",21763,3sodome1.txt
835,7.351717,"Celui - ci était en réalité aussi souvent interrompu que l ' éparpillement de la chute , alors que , de loin , il m ' avait paru infléchissable , dense , d ' une continuité sans lacune .",20451,3sodome1.txt
836,7.353524,"Sur ces derniers mots et même si on pense à l ' admirable poème auquel travaille chaque jour le même homme , on s ' éloigne , comme les fils de Mme de Surgis s ' éloignaient de M . de Charlus , non qu ' il leur eût fait aucun mal , mais à cause du luxe d ' invitations dont le terme était de leur pincer le menton .",30650,4laprison.txt
837,7.353553,"Plus haut s ’ ouvraient leurs corolles çà et là avec une grâce insouciante , retenant si négligemment comme un dernier et vaporeux atour le bouquet d ’ étamines , fines comme des fils de la Vierge , qui les embrumait tout entières , qu ’ en suivant , qu ’ en essayant de mimer au fond de moi le geste de leur efflorescence , je l ’ imaginais comme si ç ’ avait été le mouvement de tête étourdi et rapide , au regard coquet , aux pupilles diminuées , d ’ une blanche jeune fille , distraite et vive .",1357,0ducote.txt
838,7.353868,néanmoins je me gardai de prendre ses paroles dans ce sens que j ' avais été trop réservé .,20548,3sodome1.txt
839,7.355257,"Certes , je ne m ’ étais jamais dissimulé que je ne savais pas écouter ni , dès que je n ’ étais plus seul , regarder ;",37225,6retrouve1.txt
840,7.3573523,je la vis un instant et lui dis qu ' Albertine était sortie avec Andrée : « Elles sont allées se promener dans la campagne . »,33187,4laprison.txt
841,7.357566,"Je suis déjà stupéfait quand j ' entends Baudelaire dire : _ Si le viol , le poignard , l ' incendie N ' ont pas encore brodé de leurs plaisants dessins Le canevas banal de nos piteux destins .",33073,4laprison.txt
842,7.358106,on dirait que c ’ est la première fois qu ’ il vous entend .,2973,0ducote.txt
843,7.358129,"« Adieu , je vous ai à peine parlé ;",20900,3sodome1.txt
844,7.3582172,Chacun sentait alors avec émotion que l ' article avait été « inspiré » .,36306,5disparue2.txt
845,7.358517,"Car j ' entendais Albertine siffler sans trêve : _ Les douleurs sont des folles , Et qui les écoute est encore plus fou . _ Je l ' aimais trop pour ne pas joyeusement sourire de son mauvais goût musical .",27971,4laprison.txt
846,7.359468,"Pendant ce temps il y avait une personne qui ne quittait pas des siens ce qui pouvait se deviner des traits modifiés de ma grand ' mère que sa fille n ' osait pas voir , une personne qui attachait sur eux un regard ébahi , indiscret et de mauvais augure : c ' était Françoise .",15975,2guermantes2.txt
847,7.3595166,"Alors , en la voyant , nous nous disons : « C ' était bien elle . »",35371,5disparue2.txt
848,7.362711,"Là - bas on se sent vivre au moins , on n ' a pas toutes ces maisons devant soi , il y a si peu de bruit que la nuit on entend les grenouilles chanter à plus de deux lieues .",11811,2guermantes1.txt
849,7.3631163,"Mais il suffisait qu ' elle le fût plus que Mme de Parme pour stupéfier celle - ci , et comme chaque génération de critiques se borne à prendre le contrepied des vérités admises par leurs prédécesseurs , elle n ' avait qu ' à dire que Flaubert , cet ennemi des bourgeois , était avant tout un bourgeois , ou qu ' il y avait beaucoup de musique italienne dans Wagner , pour procurer à la princesse , au prix d ' un surmenage toujours nouveau , comme à quelqu ' un qui nage dans la tempête , des horizons qui lui paraissaient inouïs et lui restaient confus .",17851,2guermantes3.txt
850,7.36365,"Et pourtant je ne pouvais pas empêcher que le souvenir du temps pendant lequel j ' avais cru passer à Florence la semaine sainte ne continuât à faire d ' elle comme l ' atmosphère de la cité des Fleurs , à donner à la fois au jour de Pâques quelque chose de florentin , et à Florence quelque chose de pascal .",13293,2guermantes1.txt
851,7.3640327,"« Mon Dieu , je suis épouvanté en pensant à l ' heure à laquelle je vous fais coucher , c ' est de la folie .",32592,4laprison.txt
852,7.364117,"on reconnaissait au bruit plus fort des roues qu ' on traversait un village , on se croyait arrivé , on se retrouvait en pleins champs , on entendait des cloches lointaines , on oubliait qu ' on était en smoking , et on s ' était presque assoupi quand , au bout de cette longue marge d ' obscurité qui , à cause de la distance parcourue et des incidents caractéristiques de tout trajet en chemin de fer , semblait nous avoir portés jusqu ' à une heure avancée de la nuit et presque à moitié chemin d ' un retour vers Paris , tout à coup , après que le glissement de la voiture sur un sable plus fin avait décelé qu ' on venait d ' entrer dans le parc , explosaient , nous réintroduisant dans la vie mondaine , les éclatantes lumières du salon , puis de la salle à manger , où nous éprouvions un vif mouvement de recul en entendant sonner ces huit heures que nous croyions passées depuis longtemps , tandis que les services nombreux et les vins fins allaient se succéder autour des hommes en frac et des femmes à demi décolletées , en un dîner rutilant de clarté comme un véritable dîner en ville et qu ' entourait seulement , changeant par là son caractère , la double écharpe sombre et singulière qu ' avaient tissée , détournées par cette utilisation mondaine de leur solennité première , les heures nocturnes , champêtres et marines de l ' aller et du retour .",27422,3sodome2.txt
853,7.364761,"Dans ma folie , enfant , je les avais pris un instant pour des regards d ’ amour adressés à moi .",40930,6retrouve2.txt
854,7.3651147,"Rosemonde et Gisèle me regardaient , pénétrées pour moi d ' un respect nouveau .",23101,3sodome1.txt
855,7.365176,Qui vous a dit ? »,14810,2guermantes2.txt
856,7.365519,Elle ne contenait que ces mots : « Serait - il trop tard pour que je revienne chez vous ?,34362,5disparue1.txt
857,7.36557,"Le délicat amusement de M . de Bréauté , doublé de ce plaisir poétique qu ' avaient les gens du monde à voir Mme de Guermantes faire des choses que leur situation moindre ne leur permettait pas d ' imiter , mais dont la vision seule leur causait le sourire du paysan attaché à sa glèbe qui voit des hommes plus libres et plus fortunés passer au - dessus de sa tête , ce plaisir délicat n ' avait aucun rapport avec le ravissement dissimulé , mais éperdu , qu ' éprouva aussitôt M . de Froberville .",20889,3sodome1.txt
858,7.3656545,"Hélas , il se rappela l ’ accent dont elle s ’ était écriée : « Mais je pourrai toujours vous voir , je suis toujours libre ! »",4136,0ducote.txt
859,7.365727,"Comment , c ' était la même Albertine d ' aujourd ' hui , avec ses prétentions à la franchise et d ' être indifférente à tous qui m ' avait dit cela !",32379,4laprison.txt
860,7.365888,"Pour moi , je les savais par cœur .",1105,0ducote.txt
861,7.3659477,"Et pourtant je savais bien , ou du moins j ' aurais su , si je n ' avais pas voulu croire ces affirmations d ' Albertine plutôt que tous les riens inclus dans un regard , prouvés par lui et par telle ou telle contradiction dans les paroles , contradiction dont je ne m ' apercevais souvent que longtemps après l ' avoir quittée , qui me faisait souffrir toute la nuit , dont je n ' osais plus reparler , mais qui n ' en honorait pas moins de temps en temps ma mémoire de ses visites périodiques .",29014,4laprison.txt
862,7.3672686,Bientôt je passai toutes mes journées avec ces jeunes filles .,10832,1ombre3.txt
863,7.368252,"Elle continua : - - Oui , n ' est - ce pas , ce n ' était pas la peine , mais enfin elle n ' était pas sans charme et je comprends parfaitement qu ' on l ' aimât , tandis que la demoiselle de Robert , je vous assure qu ' elle est à mourir de rire .",14499,2guermantes2.txt
864,7.368978,Ce n ' était pas tout à fait les mêmes associations d ' idées chez moi que chez Swann que la petite phrase avait éveillées .,35318,5disparue2.txt
865,7.370952,"Et comme chaque fois qu ’ elle s ’ y adonnait il s ’ accompagnait pour elle de ces pensées mauvaises qui le reste du temps étaient absentes de son âme vertueuse , elle finissait par trouver au plaisir quelque chose de diabolique , par l ’ identifier au Mal .",1919,0ducote.txt
866,7.37113,"Mais c ’ était une plume que , sans le vouloir , j ’ avais électrisée comme s ’ amusent souvent à faire les collégiens , et voici que mille riens de Combray , et que je n ’ apercevais plus depuis longtemps , sautaient légèrement d ’ eux - mêmes et venaient à la queue - leu leu se suspendre au bec aimanté , en une chaîne interminable et tremblante de souvenirs .",39327,6retrouve2.txt
867,7.3717504,"de même la fleur - femme qui était ici , si l ' insecte venait , arquerait coquettement ses « styles » , et pour être mieux pénétrée par lui ferait imperceptiblement , comme une jouvencelle hypocrite mais ardente , la moitié du chemin .",19811,3sodome1.txt
868,7.3723464,"Et j ' eus presque de la joie - - après en avoir eu dans le petit tram tant de souffrance - - de posséder ce souvenir de Montjouvain , que je postdaterais , mais qui n ' en serait pas moins la preuve accablante , un coup de massue pour Albertine .",32481,4laprison.txt
869,7.372436,Pendant ce temps - là j ' étais charmé .,31122,4laprison.txt
870,7.3735805,"Or mon souvenir devait obéir aux mêmes lois , ne pas pouvoir supporter de plus longs intervalles , car il ne faisait , comme une aurore boréale , que refléter après la mort d ' Albertine le sentiment que j ' avais eu pour elle , il était comme l ' ombre de mon amour .",35021,5disparue1.txt
871,7.3740416,"Et elle est aussi mécontente à l ' instant même que nous nous soyons permis une familiarité que nous le serons le lendemain d ' avoir donné cent francs au chasseur et , pour la même raison , qui pour nous a été seulement retardée : l ' absence d ' ivresse .",9841,1ombre3.txt
872,7.3746104,"Car ces étoffes légères et ces couleurs tendres donnaient à la femme - - dans la grande chaleur des salons d ' alors fermés de portières et desquels ce que les romanciers mondains de l ' époque trouvaient à dire de plus élégant , c ' est qu ' ils étaient « douillettement capitonnés » - - le même air frileux qu ' aux roses , qui pouvaient y rester à côté d ' elle , malgré l ' hiver , dans l ' incarnat de leur nudité , comme au printemps .",7245,1ombre1.txt
873,7.3747597,"Et quoique sa femme eût à faire , pour ne pas désobliger Brichot , il la forçait à aller à ce cours , tandis que la jeune fille , incommodée par la chaleur et la foule , dévorait pourtant curieusement des yeux le descendant de Condé , tout en s ' étonnant qu ' il ne portât pas de fraise et ressemblât aux hommes de nos jours .",31768,4laprison.txt
874,7.375106,Mais bien vite cet amour s ’ éleva de nouveau en moi comme une réaction par quoi mon cœur humilié voulait se mettre de niveau avec Gilberte ou l ’ abaisser jusqu ’ à lui .,1668,0ducote.txt
875,7.375165,"Je n ' eus plus la même indulgence qu ' autrefois pour les justes intentions de tendresse ou de colère que j ' avais remarquées alors dans le débit et le jeu d ' Aricie , d ' Ismène et d ' Hippolyte .",12045,2guermantes1.txt
876,7.376071,"Mais à côté de cela , bien souvent il arrivait que cette parole pétillante sous un beau regard , et qui pendant tant d ’ années avait tenu sous son sceptre spirituel les hommes les plus éminents de Paris , scintillât encore mais , pour ainsi dire , à vide .",40677,6retrouve2.txt
877,7.3762383,Je dus me taire et regarder tout à fait par la fenêtre .,8811,1ombre2.txt
878,7.3764963,"Ce violent désir que la mémoire excitait en moi pour ces jeunes filles vues jadis , je sentais que je ne pourrais espérer l ’ assouvir qu ’ à condition de le chercher dans un être du même âge , c ’ est - à - dire dans un autre être .",40498,6retrouve2.txt
879,7.376961,"Aussi , même quand j ' avais pour prendre le même chemin une autre raison que de la voir , je tremblais comme un coupable au moment où elle passait ;",13305,2guermantes1.txt
880,7.3787546,"Du reste , même les deux douceurs dont je vous parle , je dois vous dire que je les ai peu connues ;",21209,3sodome1.txt
881,7.3800273,"J ' eus du remords en voyant l ' amie de ma grand ' mère et , par pur devoir ( sans quitter la princesse Sherbatoff ) je causai assez longtemps avec elle .",26674,3sodome2.txt
882,7.380059,"Comme depuis le moment où j ' étais éveillé et où je reprenais mon chagrin à l ' endroit où j ' en étais resté avant de m ' endormir , comme un livre un instant fermé et qui ne me quitterait plus jusqu ' au soir , ce ne pouvait jamais être qu ' à une pensée concernant Albertine que venait se raccorder pour moi toute sensation , qu ' elle me vînt du dehors ou du dedans .",33956,5disparue1.txt
883,7.3821373,Il en était d ' Albertine comme de ses amies .,11554,1ombre3.txt
884,7.3821626,"Aussi quand , les coups commençant à se répéter et à devenir plus insistants , nos domestiques se mettaient à y prendre garde et estimant qu ' ils n ' avaient plus beaucoup de temps devant eux et que la reprise du travail était proche , à un tintement de la sonnette un peu plus sonore que les autres , ils poussaient un soupir et , prenant leur parti , le valet de pied descendait fumer une cigarette devant la porte ;",11862,2guermantes1.txt
885,7.3833356,"Pour me faire comprendre certaines oppositions d ’ ombre et de lumière qui avaient été « l ’ enchantement de sa matinée » , il me citait certains tableaux que nous aimions l ’ un et l ’ autre et ne craignait pas de faire allusion à une page de Romain Rolland , voire de Nietzsche , avec cette indépendance des gens du front qui n ’ avaient pas la même peur de prononcer un nom allemand que ceux de l ’ arrière , et même avec cette pointe de coquetterie à citer un ennemi que mettait , par exemple , le colonel du Paty de Clam , dans la salle des témoins de l ’ affaire Zola , à réciter en passant devant Pierre Quillard , poète dreyfusard de la plus extrême violence et que , d ’ ailleurs , il ne connaissait pas , des vers de son drame symboliste : _ La Fille aux mains coupées _ .",37607,6retrouve1.txt
886,7.3838887,"Je n ' entendis pas la fin , car , quelque plaisir que j ' eusse eu à réentendre le nom de Stermaria , malgré moi j ' entendais Cottard , près duquel j ' étais , qui disait tout bas à Ski : « Ah ! mais je ne savais pas .",24763,3sodome2.txt
887,7.3852134,Alors il lut toute la lettre ;,3337,0ducote.txt
888,7.3855705,"C ' est que , depuis le temps des jeux aux Champs - Élysées , ma conception de l ' amour était devenue différente , si les êtres auxquels s ' attachaient successivement mon amour demeuraient presque identiques .",11278,1ombre3.txt
889,7.387194,"Mais les mots : « Cette amie , c ' est Mlle Vinteuil » avaient été le Sésame , que j ' eusse été incapable de trouver moi - même , qui avait fait entrer Albertine dans la profondeur de mon coeur déchiré .",27901,3sodome2.txt
890,7.3872023,Sa parole était entrecoupée .,22686,3sodome1.txt
891,7.387421,"Et la preuve qu ' Albertine n ' en avait pas été choquée et avait consenti , c ' est qu ' elles ne s ' étaient pas brouillées , mais que leur intimité n ' avait pas cessé de grandir .",27740,3sodome2.txt
892,7.3902473,"La vieille dame , maintenant à trois pas de nous souriait avec une douceur caressante .",6541,1ombre1.txt
893,7.390541,"On n ’ entendait que ces mots : « Je ne sais pas si Mme de Forcheville me reconnaît , je devrais peut - être me faire présenter à nouveau .",40126,6retrouve2.txt
894,7.39165,"Ce n ' était que de la « littérature » , mais qui , à cause des difficultés qu ' Albertine sentait que cela pouvait lui créer avec des gens chez qui elle avait refusé une invitation en disant qu ' elle ne pouvait pas remuer , eût suffi pour lui faire prendre en grippe la figure , le son de la voix , du garçon qui disait ces choses .",10663,1ombre3.txt
895,7.3930006,"mais pour les fidèles ce n ’ était pas la même chose , elle ne voulait pas les laisser partir , considérant la guerre comme une grande « ennuyeuse » qui les faisait la lâcher ;",37798,6retrouve1.txt
896,7.3935013,"Et elle était si craintive pour toutes ces choses qu ' elle savait que je voulais , les blâmât - elle , que je savais qu ' elle eût plutôt dormi dans l ' odeur d ' un feu de cheminée que d ' ouvrir sa fenêtre , de même , que , pour l ' événement le plus important , elle ne m ' eût pas fait réveiller le matin .",33351,4laprison.txt
897,7.3954916,"_ souvent blondes , rarement brunes , quelquefois rousses , comme la plus récente , laquelle était à ce dîner , cette vicomtesse d ' Arpajon qu ' il avait tant aimée qu ' il la força longtemps à lui envoyer jusqu ' à dix télégrammes par jour ( ce qui agaçait un peu la duchesse ) , correspondait avec elle par pigeons voyageurs quand il était à Guermantes , et de laquelle enfin il avait été pendant longtemps si incapable de se passer , qu ' un hiver qu ' il avait dû passer à Parme , il revenait chaque semaine à Paris , faisant deux jours de voyage pour la voir .",17934,2guermantes3.txt
898,7.3985615,"Cette Albertine - là n ' était guère qu ' une silhouette , tout ce qui était superposé était de mon cru , tant dans l ' amour les apports qui viennent de nous l ' emportent - - à ne se placer même qu ' au point de vue quantité - - sur ceux qui nous viennent de l ' être aimé .",10361,1ombre3.txt
899,7.3990197,Mais elle était particulière et m ' enchantait .,10596,1ombre3.txt
900,7.399561,"J ' hésitai un instant à prendre connaissance de ce que Mme de Stermaria avait écrit , qui tant qu ' elle avait la plume en main aurait pu être autre , mais qui maintenant était , détaché d ' elle , un destin qui poursuivait seul sa route et auquel elle ne pouvait plus rien changer .",16977,2guermantes3.txt
901,7.4013157,"Avec les douces attentions que , dans les grandes circonstances , les gens qu ' une profonde douleur accable témoignent fût - ce aux petits ennuis des autres : - - Pardonne - moi de venir troubler ton sommeil , me dit - elle .",16222,2guermantes2.txt
902,7.4014244,"il retentissait alors de propos que je devinais injurieux , mais qui restaient aussi indistincts que ceux des personnages qui débitent leurs premières paroles derrière le portant avant d ' être entrés en scène .",10889,1ombre3.txt
903,7.4015727,"car une œuvre de musique pure ne contenant aucun des rapports logiques dont l ’ altération dans le langage dénonce la folie , la folie reconnue dans une sonate lui paraissait quelque chose d ’ aussi mystérieux que la folie d ’ une chienne , la folie d ’ un cheval , qui pourtant s ’ observent en effet .",2460,0ducote.txt
904,7.4016957,"Mais on ne voit pas avec qui elle eût pu , de là , correspondre , et d ' ailleurs les rideaux fermés sur la fenêtre ouverte s ' expliquaient sans doute parce qu ' elle savait que je craignais les courants d ' air et que , même si les rideaux m ' en protégeaient peu , ils eussent empêché Françoise de voir du couloir que les volets étaient ouverts aussi tôt .",33644,5disparue1.txt
905,7.4032063,"J ' avais perdu de vue le bourdon , je ne savais pas s ' il était l ' insecte qu ' il fallait à l ' orchidée , mais je ne doutais plus , pour un insecte très rare et une fleur captive , de la possibilité miraculeuse de se conjoindre , alors que M . de Charlus ( simple comparaison pour les providentiels hasards , quels qu ' ils soient , et sans la moindre prétention scientifique de rapprocher certaines lois de la botanique et ce qu ' on appelle parfois fort mal l ' homosexualité ) , qui , depuis des années , ne venait dans cette maison qu ' aux heures où Jupien n ' y était pas , par le hasard d ' une indisposition de Mme de Villeparisis , avait rencontré le giletier et avec lui la bonne fortune réservée aux hommes du genre du baron par un de ces êtres qui peuvent même être , on le verra , infiniment plus jeunes que Jupien et plus beaux , l ' homme prédestiné pour que ceux - ci aient leur part de volupté sur cette terre : l ' homme qui n ' aime que les vieux messieurs .",19856,3sodome1.txt
906,7.4051127,"Brusquement réveillé par la souffrance que venait de me causer ce rêve et voyant qu ' elle persistait , je repensai à lui , cherchai à me rappeler quel était l ' ami que j ' avais vu en dormant et dont le nom espagnol n ' était déjà plus distinct .",7762,1ombre2.txt
907,7.40543,"Comme quelques personnes charitables faisaient remarquer au Moscovite qu ' un mot de condoléances de lui serait peut - être mérité et ferait plaisir à cette femme qui , malgré sa quarantaine bien sonnée , et tout en s ' épongeant avec son écharpe , sans demander le secours de personne , se dégageait malgré l ' eau qui souillait malicieusement la margelle de la vasque , le Grand - Duc , qui avait bon coeur , crut devoir s ' exécuter et , les derniers roulements militaires du rire à peine apaisés , on entendit un nouveau grondement plus violent encore que l ' autre .",20462,3sodome1.txt
908,7.405829,Moi je pensai : « Une maîtresse » en me reportant à l ' influence que celle de Saint - Loup me semblait avoir eue sur lui et qui me permettait de me rendre compte à quel point les femmes avec lesquelles ils vivent affinent les hommes .,9220,1ombre2.txt
909,7.4059715,"Je me connaissais sans doute bien mal alors , car mon plaisir d ' avoir Albertine à demeure chez moi était beaucoup moins un plaisir positif que celui d ' avoir retiré du monde , où chacun pouvait la goûter à son tour , la jeune fille en fleur qui si , du moins , elle ne me donnait pas de grande joie , en privait les autres .",28855,4laprison.txt
910,7.406586,"D ' une part son charme ayant depuis longtemps gagné de proche en proche des objets qui finissaient par en être très éloignés , mais n ' étaient pas moins électrisés par la même émotion qu ' elle me donnait , si quelque chose me faisait penser à Incarville ou aux Verdurin , ou à un nouveau rôle de Léa , un flux de souffrance venait me frapper .",34166,5disparue1.txt
911,7.4070106,"J ' écoutais cette murmurante émanation mystérieuse , douce comme un zéphyr marin , féerique comme ce clair de lune qu ' était son sommeil .",28774,4laprison.txt
912,7.407275,"Je voyais ainsi à cette même heure , pour tant de gens , ma pensée , ou même à défaut de ma pensée pour ceux qui ne pouvaient la comprendre la répétition de mon nom et comme une évocation embellie de ma personne , briller sur eux , en une aurore qui me remplissait de plus de force et de joie triomphante que l ' aurore innombrable qui en même temps se montrait rose à toutes les fenêtres .",35450,5disparue2.txt
913,7.4074574,"C ' est triste pour sa pauvre mère , ajouta Mme Verdurin , d ' un air mélancolique sous les sphères de ses tempes chargées d ' expérience et de douleur .",25477,3sodome2.txt
914,7.4078045,"On ne le reconnaissait en effet qu ’ à la voix , on distinguait mal son visage au nez busqué , aux yeux verts , sous un haut front entouré de cheveux blonds presque roux , coiffés à la Bressant , parce que nous gardions le moins de lumière possible au jardin pour ne pas attirer les moustiques et j ’ allais , sans en avoir l ’ air , dire qu ’ on apportât les sirops ;",130,0ducote.txt
915,7.4079766,"Andrée , sur une allusion qu ' on fit à mi - voix à cela , me dit : « Oh ! là - dessus je suis comme Albertine , il n ' y a rien qui nous fasse horreur à toutes les deux comme cela . »",22748,3sodome1.txt
916,7.4083962,mais le regret aussi est un amplificateur du désir .,34674,5disparue1.txt
917,7.409484,"L ' entrée de la petite laitière m ' ôta aussitôt mon calme de contemplateur , je ne songeai plus qu ' à rendre vraisemblable la fable de la lettre à lui faire porter et je me mis à écrire rapidement sans oser la regarder qu ' à peine , pour ne pas paraître l ' avoir fait entrer pour cela .",29758,4laprison.txt
918,7.409682,"D ’ ailleurs , comme les individualités ( humaines ou non ) seraient dans ce livre faites d ’ impressions nombreuses , qui , prises de bien des jeunes filles , de bien des églises , de bien des sonates , serviraient à faire une seule sonate , une seule église , une seule jeune fille , ne ferais - je pas mon livre de la façon que Françoise faisait ce bœuf mode , apprécié par M . de Norpois , et dont tant de morceaux de viande ajoutés et choisis enrichissaient la gelée .",41083,6retrouve2.txt
919,7.410224,"Par l ’ « idiotie » de la femme , Saint - Loup entendait sans doute le désir éperdu de celle - ci de fréquenter le grand monde , ce que le grand monde juge le plus sévèrement .",37466,6retrouve1.txt
920,7.4106507,l ' habitude m ' avait empêché de jamais la voir : m ' en séparer eut au moins un avantage qui fut de me faire faire sa connaissance .,7661,1ombre2.txt
921,7.4106855,"Au milieu des autres , elle s ' arrêtait souvent , forçant ses amies qui semblaient la respecter beaucoup à interrompre aussi leur marche .",10008,1ombre3.txt
922,7.411679,"- - Non , crapule , répondit une autre voix , et puisque tu gueules et que tu te trames à genoux , on va t ’ attacher sur le lit , pas de pitié » , et j ’ entendis le bruit du claquement d ’ un martinet , probablement aiguisé de clous car il fut suivi de cris de douleur .",38459,6retrouve1.txt
923,7.4125156,"Mais Combray avait pour moi une forme si à part , si impossible à confondre avec le reste , que c ’ était un puzzle que je ne pouvais jamais arriver à faire rentrer dans la carte de France .",40144,6retrouve2.txt
924,7.4144483,"Par moment , dans les passages qu ' elle jouait le plus souvent , où elle avait l ' habitude de faire telle réflexion qui me paraissait alors charmante , de suggérer telle réminiscence , je me disais : « Pauvre petite » , mais sans tristesse , en ajoutant seulement au passage musical une valeur de plus , une valeur en quelque sorte historique et de curiosité comme celle que le portrait de Charles Ier par Van Dyck , déjà si beau par lui - même , acquiert encore du fait qu ' il est entré dans les collections nationales par la volonté de Mme du Barry d ' impressionner le Roi .",35316,5disparue2.txt
925,7.414617,Une autre fois à San Giorgio dei Schiavoni un aigle auprès d ' un des apôtres et stylisé de la même façon réveilla le souvenir et presque la souffrance causée par les deux bagues dont Françoise m ' avait découvert la similitude et dont je n ' avais jamais su qui les avait données à Albertine .,36347,5disparue2.txt
926,7.415585,"Mais le docteur Cottard , qui n ’ avait jamais entendu ce calembour , ne le comprit pas et crut à une erreur de M . de Forcheville .",3110,0ducote.txt
927,7.416025,À ces mots les écailles du prince Foggi tombèrent ;,36283,5disparue2.txt
928,7.4165382,"Pendant ces heures , quelquefois je voyais flotter sur elle , dans ses regards , dans sa moue , dans son sourire , le reflet de ces spectacles intérieurs dont la contemplation la faisait ces soirs - là dissemblable , éloignée de moi à qui ils étaient refusés .",33130,4laprison.txt
929,7.417018,"Même dépourvus de l ' ornement qu ' elles apportaient , il suffisait que M . de Norpois écrivit à point nommé - - ce qu ' il ne manquait pas de faire - - : « Le Cabinet de Saint - James ne fut pas le dernier à sentir le péril » ou bien : « l ' émotion fut grande au Pont - aux - Chantres où l ' on suivait d ' un oeil inquiet la politique égoïste mais habile de la monarchie bicéphale » , ou : « Un cri d ' alarme partit de Montecitorio » , ou encore « cet éternel double jeu qui est bien dans la manière du Ballplatz » .",5497,1ombre1.txt
930,7.4171677,"Mais la princesse voyant que M . de Froberville continuait à regarder Mme de Cambremer , ajouta moitié par méchanceté pour celle - ci , moitié par amabilité pour le général : « Pas agréable . . . pour son mari !",3986,0ducote.txt
931,7.420562,Ah ! si j ’ avais encore eu les forces qui étaient intactes dans la soirée que j ’ avais alors évoquée en apercevant _ François le Champi _ ?,41217,6retrouve2.txt
932,7.42092,"La citation la plus heureuse d ’ un auteur vraiment peu connu , au moins dans l ’ œuvre à laquelle Brichot se reportait , était incriminée comme preuve du pédantisme le plus insoutenable et Mme Verdurin attendait avec impatience l ’ heure du dîner pour déchaîner les éclats de rire de ses convives .",38049,6retrouve1.txt
933,7.4214225,"- - « Ah ! non , non , pas ma sonate ! cria Mme Verdurin , je n ’ ai pas envie à force de pleurer de me fiche un rhume de cerveau avec névralgies faciales , comme la dernière fois ;",2333,0ducote.txt
934,7.422206,mon regard adhérent à Albertine ne pouvait se détacher d ' elle tant que Saint - Loup serait là .,27508,3sodome2.txt
935,7.4224277,"Quand elle arrivait , si elle venait d ' auprès de vous , cela se voyait à la première seconde .",28098,4laprison.txt
936,7.422468,Mais elle les laissa intacts .,33300,4laprison.txt
937,7.422567,"Ses cheveux noirs et crespelés , montrant des ensembles différents selon qu ' elle se tournait vers moi pour me demander ce qu ' elle devait jouer , tantôt une aile magnifique , aiguë à sa pointe , large à sa base , noire , empennée et triangulaire , tantôt tressant le relief de leurs boucles en une chaîne puissante et variée , pleine de crêtes , de lignes de partage , de précipices , avec leur fouetté si riche et si multiple , semblaient dépasser la variété que réalise habituellement la nature , et répondre plutôt au désir d ' un sculpteur qui accumule les difficultés pour faire valoir la souplesse , la fougue , le fondu , la vie de son exécution , et faisaient ressortir davantage , en les interrompant pour les recouvrir , la courbe animée et comme la rotation du visage lisse et rose , du mat verni d ' un bois peint .",33117,4laprison.txt
938,7.4226236,"Non seulement je n ' éprouvais plus la crainte anxieuse d ' isolement qui m ' avait étreint le premier soir , mais je n ' avais plus à craindre qu ' elle se réveillât , ni de me sentir dépaysé ou de me trouver seul sur cette terre productive non seulement de châtaigniers et de tamaris , mais d ' amitiés qui tout le long du parcours formaient une longue chaîne , interrompue comme celle des collines bleuâtres , cachées parfois dans l ' anfractuosité du roc ou derrière les tilleuls de l ' avenue , mais déléguant à chaque relais un aimable gentilhomme qui venait , d ' une poignée de main cordiale , interrompre ma route , m ' empêcher d ' en sentir la longueur , m ' offrir au besoin de la continuer avec moi .",27661,3sodome2.txt
939,7.423045,"J ' avais beau , avant qu ' Albertine fût rentrée , avoir douté d ' elle , l ' avoir imaginée dans la chambre de Montjouvain , une fois qu ' en peignoir elle s ' était assise en face de mon fauteuil , ou si , comme c ' était le plus fréquent , j ' étais resté couché au pied de mon lit , je déposais mes doutes en elle , je les lui remettais pour qu ' elle m ' en déchargeât , dans l ' abdication d ' un croyant qui fait sa prière .",28860,4laprison.txt
940,7.423118,"( A la maison j ' avais toujours entendu , dans _ odieux _ , prononcer l ' _ o _ long - - audieux , - - mais M . et Mme Swann disaient odieux , en faisant l ' _ o _ bref .",6138,1ombre1.txt
941,7.423231,"Mais tout à coup je me le rappelai , les irréductibles aspérités d ' un monde inhumain s ' anéantirent magiquement ;",11976,2guermantes1.txt
942,7.4235735,"Les gens qui détestaient ces « horreurs » s ' étonnaient qu ' Elstir admirât Chardin , Perroneau , tant de peintres qu ' eux , les gens du monde , aimaient .",17333,2guermantes3.txt
943,7.4254804,Françoise m ' exaspéra en ne prenant pas part à notre joie .,15777,2guermantes2.txt
944,7.426464,"En disant ces mots affreux et presque fous , M . de Charlus me serrait le bras à me faire mal .",15463,2guermantes2.txt
945,7.427834,"« Non , rien d ' autre , finit - elle pas dire . »",32696,4laprison.txt
946,7.4280224,"Comme je lui parlais de Brichot : « Il m ’ a assez embêtée pendant vingt ans » , et comme Mme de Cambremer disait : « Relisez ce que Schopenhauer dit de la musique » , elle nous fit remarquer cette phrase en disant avec violence : « _ Relisez _ est un chef - d ’ œuvre !",40668,6retrouve2.txt
947,7.429134,"« La première fois que j ' ai été aimable avec lui » , reprit - elle en regardant en riant M . de Bréauté dont le bout du nez s ' amenuisait , dont le sourire s ' attendrissait par politesse pour Mme de Guermantes et dont la voix de couteau qu ' on est en train de repasser fit entendre quelques sons vagues et rouillés .",28381,4laprison.txt
948,7.4292526,"Maintenant que ce vase était détruit , je ne me sentais plus le courage de les saisir ;",34437,5disparue1.txt
949,7.429286,"Tout cela avait causé pour moi du plaisir , mais ce plaisir m ' était resté caché ;",10455,1ombre3.txt
950,7.4296885,"comme ce mot tend à lui en dénier certaines du coeur , il me semble inopportun .",18048,2guermantes3.txt
951,7.4300213,"Bien que connu pour ma nature obéissante , ponctuelle et douce , comme Buffon dit du chameau - - et le rire s ' épanouit plus largement autour de M . de Charlus qui savait qu ' au contraire on le tenait pour l ' homme le plus difficile à vivre , - - je fus en retard de quelques minutes ( le temps d ' ôter mes vêtements de jour ) , et sans en avoir trop de remords , pensant que 9 h . 1 / 2 était mis pour 10 , à dix heures tapant dans une bonne robe de chambre , les pieds en d ' épais chaussons , je me mis au coin de mon feu à penser à Eliane comme elle me l ' avait demandé et avec une intensité qui ne commença à décroître qu ' à dix heures et demie .",31396,4laprison.txt
952,7.4302125,"mais si je réussissais , oubliant la matinée Guermantes , à retrouver ce que j ’ avais senti en posant ainsi mes pieds , de nouveau la vision éblouissante et indistincte me frôlait comme si elle m ’ avait dit : « Saisis - moi au passage si tu en as la force et tâche à résoudre l ’ énigme du bonheur que je te propose . »",39172,6retrouve2.txt
953,7.4305167,Et pendant trois nuits Albertine ne put fermer l ' œil parce qu ' elle avait tout le temps peur que vous n ' ayez de la méfiance et ne demandiez à Françoise pourquoi elle n ' avait pas allumé avant de partir .,35866,5disparue2.txt
954,7.430955,- - Elles ne nous ont pas regardées ? me répondit étourdiment Albertine .,22759,3sodome1.txt
955,7.4314413,Vous savez que c ' est archi - connu .,31808,4laprison.txt
956,7.433292,"« C ' est dit , je pars , mais je ne veux plus jamais pour nos dîners que les choses dont nous aurons entendu le cri .",29581,4laprison.txt
957,7.434258,Sans doute je n ' en étais qu ' à la première de ces affirmations pour Léa .,29829,4laprison.txt
958,7.4353247,"car j ' y sentais germer et s ' épanouir pour une heure , à la lumière de la rampe , faites de l ' agglutinement sur le visage d ' un acteur d ' un autre visage de fard et de carton , sur son âme personnelle des paroles d ' un rôle .",13723,2guermantes1.txt
959,7.4355593,"Aussi je n ' écoutais jamais ses excuses sans une mauvaise humeur fort injuste et à laquelle venait mettre le comble la manière dont Françoise disait non pas : « j ' ai été voir mon frère , j ' ai été voir ma nièce » , mais : « j ' ai été voir le frère , je suis entrée « en courant » donner le bonjour à la nièce ( ou à ma nièce la bouchère ) » .",13365,2guermantes1.txt
960,7.4356422,"doux instant matinal qui s ' ouvrait comme une symphonie par le dialogue rythmé de mes trois coups auquel la cloison pénétrée de tendresse et de joie , devenue harmonieuse , immatérielle , chantant comme les anges , répondait par trois autres coups , ardemment attendus , deux fois répétés , et où elle savait transporter l ' âme de ma grand ' mère tout entière et la promesse de sa venue , avec une allégresse d ' annonciation et une fidélité musicale .",8154,1ombre2.txt
961,7.4360814,Albertine ne m ' avait pas quitté depuis un moment que le lift vint frapper légèrement .,27860,3sodome2.txt
962,7.436643,"Sans doute il y avait dans ces interpellations la liberté du grand seigneur qui croit flatter et qui est plus peuple que le bourgeois , mais aussi la rouerie du coupable qui croit que ce dont on fait étalage est par cela même jugé innocent .",31315,4laprison.txt
963,7.437077,en tout cas on le dit beaucoup .,24674,3sodome2.txt
964,7.4373536,"Car si elle était d ’ un milieu fort commun , au moins il n ’ y a jamais rien eu que je sache à dire sur elle .",4977,0ducote.txt
965,7.438152,"« Alors , j ' ai eu une mauvaise idée !",28561,4laprison.txt
966,7.438658,"Et la porte du palier ne se refermait d ' elle - même très lentement , sur les courants d ' air de l ' escalier , qu ' en exécutant les hachures de phrases voluptueuses et gémissantes qui se superposent au choeur des Pèlerins , vers la fin de l ' ouverture de _ Tannhäuser _ .",16973,2guermantes3.txt
967,7.4398117,"Mais on ne peut pas savoir puisque ce qu ' il entendait par littérature , se compose d ' oeuvres périmées . »",8874,1ombre2.txt
968,7.439877,"Dans celui - ci cent autres faisaient ma joie , desquels je n ' aurais pas voulu perdre un seul en restant trop tard endormi .",29407,4laprison.txt
969,7.440258,"En y pensant je prononçai ce nom de Léa , et Albertine , méfiante , croyant qu ' on m ' en avait peut - être dit davantage , prit les devants et s ' écria avec volubilité , non sans cacher un peu son front : « Je la connais très bien ;",32413,4laprison.txt
970,7.440917,Ils ont même la voix bien plus forte . »,5789,1ombre1.txt
971,7.440978,Que devient - il ?,21270,3sodome1.txt
972,7.4410114,"Après tout , elle a bien le droit d ’ aimer la musique , c ’ te fille .",1728,0ducote.txt
973,7.4418917,"Autrefois je me rappelle que vous vous amusiez à noter ces modes de langage qui apparaissaient , se maintenaient , puis disparaissaient : celui qui sème le vent récolte la tempête ;",37932,6retrouve1.txt
974,7.442188,"C ' était dans l ' obscurité , à peine guidée par la lumière d ' un tison , qu ' elle se couchait à mon côté .",28847,4laprison.txt
975,7.442218,"J ' écoutais sa conversation comme une chanson populaire délicieusement et purement française , je comprenais que je l ' eusse entendue se moquer de Maeterlinck ( qu ' elle admirait d ' ailleurs maintenant par faiblesse d ' esprit de femme , sensible à ces modes littéraires dont les rayons viennent tardivement ) , comme je comprenais que Mérimée se moquât de Baudelaire , Stendhal de Balzac , Paul - Louis Courier de Victor Hugo , Meilhac de Mallarmé .",28278,4laprison.txt
976,7.442284,Il y avait d ’ ailleurs du vrai dans ces paroles .,37739,6retrouve1.txt
977,7.442645,Elle attirait adroitement à elle deux arbres ;,5100,0ducote.txt
978,7.442873,"car ces paysages des livres que je lisais n ’ étaient pas pour moi que des paysages plus vivement représentés à mon imagination que ceux que Combray mettait sous mes yeux , mais qui eussent été analogues .",987,0ducote.txt
979,7.4439507,Mais la douleur se réveille quand un doute nouveau entier entre en nous ;,30852,4laprison.txt
980,7.4441333,"Je dis que je la connaissais et ( continuant à imiter le langage , du frère , dont je n ' avais pas encore osé citer le nom ) j ' ajoutai qu ' il était malheureux qu ' elle n ' eût pas eu plutôt l ' idée de venir la veille , car à la même heure , c ' est une lumière de Poussin qu ' elle eût pu admirer .",22882,3sodome1.txt
981,7.4446545,"D ' autres jours , sa figure plus lisse engluait les désirs à sa surface vernie et les empêchait d ' aller au delà ;",11556,1ombre3.txt
982,7.4451675,Hé bien ! c ' est le contraire qui est arrivé .,5577,1ombre1.txt
983,7.4453335,Ils donnaient autant de plaisir à mon imagination qu ' à ma gourmandise ;,12954,2guermantes1.txt
984,7.44633,"« Je ne la reconnaîtrais même pas » , dit Albertine d ' un air vague .",29339,4laprison.txt
985,7.446702,"Aussi , bien des hommes légers du faubourg Saint - Germain étaient - ils sans pitié quand ils parlaient de la maîtresse de Robert .",9493,1ombre3.txt
986,7.447404,Françoise ne voulait pas avoir l ' air étonné .,8394,1ombre2.txt
987,7.4490786,"Je m ’ étais au premier instant demandé avec colère quel était l ’ étranger qui venait me faire mal , et l ’ étranger c ’ était moi - même , c ’ était l ’ enfant que j ’ étais alors , que le livre venait de susciter en moi , car de moi ne connaissant que cet enfant , c ’ est cet enfant que le livre avait appelé tout de suite , ne voulant être regardé que par ses yeux , aimé que par son cœur et ne parler qu ’ à lui .",39324,6retrouve2.txt
988,7.4491353,"Mais , malgré leur frivolité apparente , elles eussent peut - être empêché bien des excès .",38159,6retrouve1.txt
989,7.449316,Quelquefois j ' éteignais la lumière avant qu ' elle entrât .,28846,4laprison.txt
990,7.4497733,"Ces tristesses ne me quittaient que si un nouveau soupçon jaloux me jetait dans d ' autres recherches ou si , au contraire , les manifestations de tendresse d ' Albertine me rendaient mon bonheur insignifiant .",28972,4laprison.txt
991,7.4505234,Je l ' attendis inutilement .,19936,3sodome1.txt
992,7.4509397,"Mais je compris par d ' autres propos de lui que ces feuillages nocturnes étaient tout simplement ceux sous l ' épaisseur desquels , dans maint restaurant des environs de Paris , il avait entendu , bien des soirs , la petite phrase .",6434,1ombre1.txt
993,7.4510126,car ils n ' en avaient aucun .,22240,3sodome1.txt
994,7.451746,"Tout à coup dans le silence de la nuit , je fus frappé par un bruit en apparence insignifiant , mais qui me remplit de terreur , le bruit de la fenêtre d ' Albertine qui s ' ouvrait violemment .",33345,4laprison.txt
995,7.4517813,"Aussi Cottard pour moi , vous savez , ajouta - t - elle d ' un ton grave et presque menaçant , en levant la main vers les deux sphères aux mèches blanches de ses tempes musicales et comme si nous avions voulu toucher au docteur , c ' est sacré !",25304,3sodome2.txt
996,7.455893,Elles se ressemblaient toutes un peu ;,17932,2guermantes3.txt
997,7.456587,"Je respirai , elle était là , mon agitation retomba , Albertine était ici , il m ' était presque indifférent qu ' elle y fût .",33370,4laprison.txt
998,7.457188,"Le petit chemin que vous aimiez tant , que nous appelions le raidillon aux aubépines et où vous prétendez que vous êtes tombé dans votre enfance amoureux de moi , alors que je vous assure en toute vérité que c ’ était moi qui étais amoureuse de vous , je ne peux pas vous dire l ’ importance qu ’ il a prise .",37628,6retrouve1.txt
999,7.457454,"il poussait maintenant involontairement presque les mêmes petits cris ( chez lui involontaires et d ' autant plus profonds ) que jettent , volontairement , eux , les invertis qui s ' interpellent en s ' appelant « ma chère » ;",30686,4laprison.txt
